section_id,label,sort_order,height_m,distance_m,raw_height_m,line_style,value_state
01,Section 1,1,0.0,0.0,,dotted,null_fill
01,Section 1,1,0.0,1.0,,dotted,null_fill
01,Section 1,1,0.0,2.0,,dotted,null_fill
01,Section 1,1,0.0,3.0,,dotted,null_fill
01,Section 1,1,0.0,4.0,,dotted,null_fill
01,Section 1,1,0.0,5.0,,dotted,null_fill
01,Section 1,1,0.0,6.0,,dotted,null_fill
01,Section 1,1,0.0,7.0,,dotted,null_fill
01,Section 1,1,0.0,8.0,,dotted,null_fill
01,Section 1,1,0.0,9.0,,dotted,null_fill
01,Section 1,1,0.0,10.0,,dotted,null_fill
01,Section 1,1,-3.0,11.0,-39.88967514038086,solid,water_floor
01,Section 1,1,-3.0,12.0,-29.844213485717773,solid,water_floor
01,Section 1,1,-3.0,13.0,-46.36322021484375,solid,water_floor
01,Section 1,1,-3.0,14.0,-42.885372161865234,solid,water_floor
01,Section 1,1,-3.0,15.0,-55.840484619140625,solid,water_floor
01,Section 1,1,-3.0,16.0,-21.950204849243164,solid,water_floor
01,Section 1,1,-3.0,17.0,-38.574974060058594,solid,water_floor
01,Section 1,1,-3.0,18.0,-22.206317901611328,solid,water_floor
01,Section 1,1,-3.0,19.0,-30.92012596130371,solid,water_floor
01,Section 1,1,-3.0,20.0,-55.84539794921875,solid,water_floor
01,Section 1,1,-3.0,21.0,-55.84489440917969,solid,water_floor
01,Section 1,1,-3.0,22.0,-51.30532455444336,solid,water_floor
01,Section 1,1,-3.0,23.0,-46.955039978027344,solid,water_floor
01,Section 1,1,-3.0,24.0,-44.286865234375,solid,water_floor
01,Section 1,1,-3.0,25.0,-44.00857925415039,solid,water_floor
01,Section 1,1,-3.0,26.0,-51.68702697753906,solid,water_floor
01,Section 1,1,-3.0,27.0,-53.658470153808594,solid,water_floor
01,Section 1,1,-3.0,28.0,-49.780635833740234,solid,water_floor
01,Section 1,1,-3.0,29.0,-48.76605224609375,solid,water_floor
01,Section 1,1,-3.0,30.0,-43.674476623535156,solid,water_floor
01,Section 1,1,-3.0,31.0,-41.361209869384766,solid,water_floor
01,Section 1,1,-3.0,32.0,-38.183109283447266,solid,water_floor
01,Section 1,1,-3.0,33.0,-41.287837982177734,solid,water_floor
01,Section 1,1,-3.0,34.0,-25.791780471801758,solid,water_floor
01,Section 1,1,-3.0,35.0,-32.514869689941406,solid,water_floor
01,Section 1,1,-3.0,36.0,-33.663238525390625,solid,water_floor
01,Section 1,1,-3.0,37.0,-36.58406448364258,solid,water_floor
01,Section 1,1,-3.0,38.0,-19.48927116394043,solid,water_floor
01,Section 1,1,-3.0,39.0,-12.111936569213867,solid,water_floor
01,Section 1,1,-3.0,40.0,-31.883026123046875,solid,water_floor
01,Section 1,1,-3.0,41.0,-16.56516456604004,solid,water_floor
01,Section 1,1,-3.0,42.0,-24.414714813232422,solid,water_floor
01,Section 1,1,-3.0,43.0,-20.352222442626953,solid,water_floor
01,Section 1,1,-3.0,44.0,-21.1501407623291,solid,water_floor
01,Section 1,1,-3.0,45.0,-20.109149932861328,solid,water_floor
01,Section 1,1,-3.0,46.0,-12.939202308654785,solid,water_floor
01,Section 1,1,-3.0,47.0,-3.544095277786255,solid,water_floor
01,Section 1,1,-3.0,48.0,-3.3857624530792236,solid,water_floor
01,Section 1,1,-2.569805383682251,49.0,-2.569805383682251,solid,sampled
01,Section 1,1,-2.3235347270965576,50.0,-2.3235347270965576,solid,sampled
01,Section 1,1,-2.6194281578063965,51.0,-2.6194281578063965,solid,sampled
01,Section 1,1,-2.375861644744873,52.0,-2.375861644744873,solid,sampled
01,Section 1,1,-2.046842098236084,53.0,-2.046842098236084,solid,sampled
01,Section 1,1,-1.9352779388427734,54.0,-1.9352779388427734,solid,sampled
01,Section 1,1,-2.0170841217041016,55.0,-2.0170841217041016,solid,sampled
01,Section 1,1,-2.1860601902008057,56.0,-2.1860601902008057,solid,sampled
01,Section 1,1,-1.9859399795532227,57.0,-1.9859399795532227,solid,sampled
01,Section 1,1,-1.885868787765503,58.0,-1.885868787765503,solid,sampled
01,Section 1,1,-1.9711540937423706,59.0,-1.9711540937423706,solid,sampled
01,Section 1,1,-1.9650487899780273,60.0,-1.9650487899780273,solid,sampled
01,Section 1,1,-1.9287164211273193,61.0,-1.9287164211273193,solid,sampled
01,Section 1,1,-1.8352090120315552,62.0,-1.8352090120315552,solid,sampled
01,Section 1,1,-1.7874560356140137,63.0,-1.7874560356140137,solid,sampled
01,Section 1,1,-1.7252463102340698,64.0,-1.7252463102340698,solid,sampled
01,Section 1,1,-1.6689672470092773,65.0,-1.6689672470092773,solid,sampled
01,Section 1,1,-1.6036691665649414,66.0,-1.6036691665649414,solid,sampled
01,Section 1,1,-1.5546073913574219,67.0,-1.5546073913574219,solid,sampled
01,Section 1,1,-1.5495548248291016,68.0,-1.5495548248291016,solid,sampled
01,Section 1,1,-1.5155853033065796,69.0,-1.5155853033065796,solid,sampled
01,Section 1,1,-1.4835638999938965,70.0,-1.4835638999938965,solid,sampled
01,Section 1,1,-1.469815969467163,71.0,-1.469815969467163,solid,sampled
01,Section 1,1,-1.4759725332260132,72.0,-1.4759725332260132,solid,sampled
01,Section 1,1,-1.4068983793258667,73.0,-1.4068983793258667,solid,sampled
01,Section 1,1,-1.4000167846679688,74.0,-1.4000167846679688,solid,sampled
01,Section 1,1,-1.3763887882232666,75.0,-1.3763887882232666,solid,sampled
01,Section 1,1,-1.3275270462036133,76.0,-1.3275270462036133,solid,sampled
01,Section 1,1,-1.287634253501892,77.0,-1.287634253501892,solid,sampled
01,Section 1,1,-1.2602226734161377,78.0,-1.2602226734161377,solid,sampled
01,Section 1,1,-1.2502413988113403,79.0,-1.2502413988113403,solid,sampled
01,Section 1,1,-1.2224838733673096,80.0,-1.2224838733673096,solid,sampled
01,Section 1,1,-1.1830846071243286,81.0,-1.1830846071243286,solid,sampled
01,Section 1,1,-1.1599888801574707,82.0,-1.1599888801574707,solid,sampled
01,Section 1,1,-1.1294801235198975,83.0,-1.1294801235198975,solid,sampled
01,Section 1,1,-1.1216225624084473,84.0,-1.1216225624084473,solid,sampled
01,Section 1,1,-1.1010441780090332,85.0,-1.1010441780090332,solid,sampled
01,Section 1,1,-1.0612910985946655,86.0,-1.0612910985946655,solid,sampled
01,Section 1,1,-1.035886526107788,87.0,-1.035886526107788,solid,sampled
01,Section 1,1,-0.9972834587097168,88.0,-0.9972834587097168,solid,sampled
01,Section 1,1,-0.9813395738601685,89.0,-0.9813395738601685,solid,sampled
01,Section 1,1,-0.9610633254051208,90.0,-0.9610633254051208,solid,sampled
01,Section 1,1,-0.9458170533180237,91.0,-0.9458170533180237,solid,sampled
01,Section 1,1,-0.9103257656097412,92.0,-0.9103257656097412,solid,sampled
01,Section 1,1,-0.9044615030288696,93.0,-0.9044615030288696,solid,sampled
01,Section 1,1,-0.8795754909515381,94.0,-0.8795754909515381,solid,sampled
01,Section 1,1,-0.847311794757843,95.0,-0.847311794757843,solid,sampled
01,Section 1,1,-0.8326483368873596,96.0,-0.8326483368873596,solid,sampled
01,Section 1,1,-0.797997772693634,97.0,-0.797997772693634,solid,sampled
01,Section 1,1,-0.7714996337890625,98.0,-0.7714996337890625,solid,sampled
01,Section 1,1,-0.7436823844909668,99.0,-0.7436823844909668,solid,sampled
01,Section 1,1,-0.7234324812889099,100.0,-0.7234324812889099,solid,sampled
01,Section 1,1,-0.7091052532196045,101.0,-0.7091052532196045,solid,sampled
01,Section 1,1,-0.6848568916320801,102.0,-0.6848568916320801,solid,sampled
01,Section 1,1,-0.6776213049888611,103.0,-0.6776213049888611,solid,sampled
01,Section 1,1,-0.646989643573761,104.0,-0.646989643573761,solid,sampled
01,Section 1,1,-0.6476937532424927,105.0,-0.6476937532424927,solid,sampled
01,Section 1,1,-0.6335024237632751,106.0,-0.6335024237632751,solid,sampled
01,Section 1,1,-0.6154581904411316,107.0,-0.6154581904411316,solid,sampled
01,Section 1,1,-0.6204548478126526,108.0,-0.6204548478126526,solid,sampled
01,Section 1,1,-0.6048747301101685,109.0,-0.6048747301101685,solid,sampled
01,Section 1,1,-0.5768817663192749,110.0,-0.5768817663192749,solid,sampled
01,Section 1,1,-0.5681125521659851,111.0,-0.5681125521659851,solid,sampled
01,Section 1,1,-0.5377177000045776,112.0,-0.5377177000045776,solid,sampled
01,Section 1,1,-0.538661539554596,113.0,-0.538661539554596,solid,sampled
01,Section 1,1,-0.5328260064125061,114.0,-0.5328260064125061,solid,sampled
01,Section 1,1,-0.5111121535301208,115.0,-0.5111121535301208,solid,sampled
01,Section 1,1,-0.508866012096405,116.0,-0.508866012096405,solid,sampled
01,Section 1,1,-0.5027632713317871,117.0,-0.5027632713317871,solid,sampled
01,Section 1,1,-0.498765766620636,118.0,-0.498765766620636,solid,sampled
01,Section 1,1,-0.49137938022613525,119.0,-0.49137938022613525,solid,sampled
01,Section 1,1,-0.48709702491760254,120.0,-0.48709702491760254,solid,sampled
01,Section 1,1,-0.4926486015319824,121.0,-0.4926486015319824,solid,sampled
01,Section 1,1,-0.48672688007354736,122.0,-0.48672688007354736,solid,sampled
01,Section 1,1,-0.4935411214828491,123.0,-0.4935411214828491,solid,sampled
01,Section 1,1,-0.4903672933578491,124.0,-0.4903672933578491,solid,sampled
01,Section 1,1,-0.49508774280548096,125.0,-0.49508774280548096,solid,sampled
01,Section 1,1,-0.5006087422370911,126.0,-0.5006087422370911,solid,sampled
01,Section 1,1,-0.48745211958885193,127.0,-0.48745211958885193,solid,sampled
01,Section 1,1,-0.487381249666214,128.0,-0.487381249666214,solid,sampled
01,Section 1,1,-0.47140011191368103,129.0,-0.47140011191368103,solid,sampled
01,Section 1,1,-0.46827131509780884,130.0,-0.46827131509780884,solid,sampled
01,Section 1,1,-0.4475860595703125,131.0,-0.4475860595703125,solid,sampled
01,Section 1,1,-0.43154066801071167,132.0,-0.43154066801071167,solid,sampled
01,Section 1,1,-0.4117088317871094,133.0,-0.4117088317871094,solid,sampled
01,Section 1,1,-0.3880268931388855,134.0,-0.3880268931388855,solid,sampled
01,Section 1,1,-0.36789456009864807,135.0,-0.36789456009864807,solid,sampled
01,Section 1,1,-0.3592386841773987,136.0,-0.3592386841773987,solid,sampled
01,Section 1,1,-0.3128487467765808,137.0,-0.3128487467765808,solid,sampled
01,Section 1,1,-0.2818096876144409,138.0,-0.2818096876144409,solid,sampled
01,Section 1,1,-0.28285884857177734,139.0,-0.28285884857177734,solid,sampled
01,Section 1,1,-0.2760552763938904,140.0,-0.2760552763938904,solid,sampled
01,Section 1,1,-0.22649842500686646,141.0,-0.22649842500686646,solid,sampled
01,Section 1,1,-0.1889106035232544,142.0,-0.1889106035232544,solid,sampled
01,Section 1,1,-0.16495218873023987,143.0,-0.16495218873023987,solid,sampled
01,Section 1,1,-0.15843939781188965,144.0,-0.15843939781188965,solid,sampled
01,Section 1,1,-0.09557890892028809,145.0,-0.09557890892028809,solid,sampled
01,Section 1,1,-0.09142982959747314,146.0,-0.09142982959747314,solid,sampled
01,Section 1,1,-0.06650009751319885,147.0,-0.06650009751319885,solid,sampled
01,Section 1,1,-0.06208972632884979,148.0,-0.06208972632884979,solid,sampled
01,Section 1,1,-0.027477383613586426,149.0,-0.027477383613586426,solid,sampled
01,Section 1,1,-0.004250437021255493,150.0,-0.004250437021255493,solid,sampled
01,Section 1,1,0.01927807927131653,151.0,0.01927807927131653,solid,sampled
01,Section 1,1,0.044110238552093506,152.0,0.044110238552093506,solid,sampled
01,Section 1,1,0.06441045552492142,153.0,0.06441045552492142,solid,sampled
01,Section 1,1,0.07786315679550171,154.0,0.07786315679550171,solid,sampled
01,Section 1,1,0.12978363037109375,155.0,0.12978363037109375,solid,sampled
01,Section 1,1,0.15754693746566772,156.0,0.15754693746566772,solid,sampled
01,Section 1,1,0.16358889639377594,157.0,0.16358889639377594,solid,sampled
01,Section 1,1,0.21460723876953125,158.0,0.21460723876953125,solid,sampled
01,Section 1,1,0.22455385327339172,159.0,0.22455385327339172,solid,sampled
01,Section 1,1,0.25735312700271606,160.0,0.25735312700271606,solid,sampled
01,Section 1,1,0.2990540564060211,161.0,0.2990540564060211,solid,sampled
01,Section 1,1,0.31137219071388245,162.0,0.31137219071388245,solid,sampled
01,Section 1,1,0.3411462903022766,163.0,0.3411462903022766,solid,sampled
01,Section 1,1,0.35902953147888184,164.0,0.35902953147888184,solid,sampled
01,Section 1,1,0.3867301940917969,165.0,0.3867301940917969,solid,sampled
01,Section 1,1,0.4045870304107666,166.0,0.4045870304107666,solid,sampled
01,Section 1,1,0.45824480056762695,167.0,0.45824480056762695,solid,sampled
01,Section 1,1,0.47863227128982544,168.0,0.47863227128982544,solid,sampled
01,Section 1,1,0.49067193269729614,169.0,0.49067193269729614,solid,sampled
01,Section 1,1,0.5216894745826721,170.0,0.5216894745826721,solid,sampled
01,Section 1,1,0.5481293201446533,171.0,0.5481293201446533,solid,sampled
01,Section 1,1,0.5615414977073669,172.0,0.5615414977073669,solid,sampled
01,Section 1,1,0.588747501373291,173.0,0.588747501373291,solid,sampled
01,Section 1,1,0.6119476556777954,174.0,0.6119476556777954,solid,sampled
01,Section 1,1,0.644159197807312,175.0,0.644159197807312,solid,sampled
01,Section 1,1,0.6552044749259949,176.0,0.6552044749259949,solid,sampled
01,Section 1,1,0.6729094982147217,177.0,0.6729094982147217,solid,sampled
01,Section 1,1,0.6886570453643799,178.0,0.6886570453643799,solid,sampled
01,Section 1,1,0.7088842391967773,179.0,0.7088842391967773,solid,sampled
01,Section 1,1,0.7213658094406128,180.0,0.7213658094406128,solid,sampled
01,Section 1,1,0.7399358749389648,181.0,0.7399358749389648,solid,sampled
01,Section 1,1,0.7675685882568359,182.0,0.7675685882568359,solid,sampled
01,Section 1,1,0.8003625869750977,183.0,0.8003625869750977,solid,sampled
01,Section 1,1,0.8156048655509949,184.0,0.8156048655509949,solid,sampled
01,Section 1,1,0.8176195025444031,185.0,0.8176195025444031,solid,sampled
01,Section 1,1,0.843871533870697,186.0,0.843871533870697,solid,sampled
01,Section 1,1,0.8550645709037781,187.0,0.8550645709037781,solid,sampled
01,Section 1,1,0.8827041983604431,188.0,0.8827041983604431,solid,sampled
01,Section 1,1,0.9016545414924622,189.0,0.9016545414924622,solid,sampled
01,Section 1,1,0.8984577655792236,190.0,0.8984577655792236,solid,sampled
01,Section 1,1,0.9113508462905884,191.0,0.9113508462905884,solid,sampled
01,Section 1,1,0.9357582330703735,192.0,0.9357582330703735,solid,sampled
01,Section 1,1,0.9641633033752441,193.0,0.9641633033752441,solid,sampled
01,Section 1,1,0.9723411798477173,194.0,0.9723411798477173,solid,sampled
01,Section 1,1,0.9787793159484863,195.0,0.9787793159484863,solid,sampled
01,Section 1,1,0.9865095615386963,196.0,0.9865095615386963,solid,sampled
01,Section 1,1,1.0066362619400024,197.0,1.0066362619400024,solid,sampled
01,Section 1,1,1.0194227695465088,198.0,1.0194227695465088,solid,sampled
01,Section 1,1,1.0256706476211548,199.0,1.0256706476211548,solid,sampled
01,Section 1,1,1.032346487045288,200.0,1.032346487045288,solid,sampled
01,Section 1,1,1.0402802228927612,201.0,1.0402802228927612,solid,sampled
01,Section 1,1,1.0545222759246826,202.0,1.0545222759246826,solid,sampled
01,Section 1,1,1.0614073276519775,203.0,1.0614073276519775,solid,sampled
01,Section 1,1,1.0707454681396484,204.0,1.0707454681396484,solid,sampled
01,Section 1,1,1.092010259628296,205.0,1.092010259628296,solid,sampled
01,Section 1,1,1.079952597618103,206.0,1.079952597618103,solid,sampled
01,Section 1,1,1.1043052673339844,207.0,1.1043052673339844,solid,sampled
01,Section 1,1,1.1094365119934082,208.0,1.1094365119934082,solid,sampled
01,Section 1,1,1.13089120388031,209.0,1.13089120388031,solid,sampled
01,Section 1,1,1.1320799589157104,210.0,1.1320799589157104,solid,sampled
01,Section 1,1,1.1378597021102905,211.0,1.1378597021102905,solid,sampled
01,Section 1,1,1.142182469367981,212.0,1.142182469367981,solid,sampled
01,Section 1,1,1.1450504064559937,213.0,1.1450504064559937,solid,sampled
01,Section 1,1,1.1583781242370605,214.0,1.1583781242370605,solid,sampled
01,Section 1,1,1.149434208869934,215.0,1.149434208869934,solid,sampled
01,Section 1,1,1.1493782997131348,216.0,1.1493782997131348,solid,sampled
01,Section 1,1,1.1325260400772095,217.0,1.1325260400772095,solid,sampled
01,Section 1,1,1.1221874952316284,218.0,1.1221874952316284,solid,sampled
01,Section 1,1,1.1155706644058228,219.0,1.1155706644058228,solid,sampled
01,Section 1,1,1.120671033859253,220.0,1.120671033859253,solid,sampled
01,Section 1,1,1.1133131980895996,221.0,1.1133131980895996,solid,sampled
01,Section 1,1,1.1215158700942993,222.0,1.1215158700942993,solid,sampled
01,Section 1,1,1.1301010847091675,223.0,1.1301010847091675,solid,sampled
01,Section 1,1,1.1309436559677124,224.0,1.1309436559677124,solid,sampled
01,Section 1,1,1.1435208320617676,225.0,1.1435208320617676,solid,sampled
01,Section 1,1,1.146690845489502,226.0,1.146690845489502,solid,sampled
01,Section 1,1,1.152226209640503,227.0,1.152226209640503,solid,sampled
01,Section 1,1,1.1651638746261597,228.0,1.1651638746261597,solid,sampled
01,Section 1,1,1.1789534091949463,229.0,1.1789534091949463,solid,sampled
01,Section 1,1,1.1895437240600586,230.0,1.1895437240600586,solid,sampled
01,Section 1,1,1.2024343013763428,231.0,1.2024343013763428,solid,sampled
01,Section 1,1,1.2144486904144287,232.0,1.2144486904144287,solid,sampled
01,Section 1,1,1.224625825881958,233.0,1.224625825881958,solid,sampled
01,Section 1,1,1.2385518550872803,234.0,1.2385518550872803,solid,sampled
01,Section 1,1,1.235886812210083,235.0,1.235886812210083,solid,sampled
01,Section 1,1,1.2500767707824707,236.0,1.2500767707824707,solid,sampled
01,Section 1,1,1.2446945905685425,237.0,1.2446945905685425,solid,sampled
01,Section 1,1,1.256603479385376,238.0,1.256603479385376,solid,sampled
01,Section 1,1,1.2616581916809082,239.0,1.2616581916809082,solid,sampled
01,Section 1,1,1.2772245407104492,240.0,1.2772245407104492,solid,sampled
01,Section 1,1,1.2736347913742065,241.0,1.2736347913742065,solid,sampled
01,Section 1,1,1.2831428050994873,242.0,1.2831428050994873,solid,sampled
01,Section 1,1,1.2992907762527466,243.0,1.2992907762527466,solid,sampled
01,Section 1,1,1.2875556945800781,244.0,1.2875556945800781,solid,sampled
01,Section 1,1,1.2998647689819336,245.0,1.2998647689819336,solid,sampled
01,Section 1,1,1.3077473640441895,246.0,1.3077473640441895,solid,sampled
01,Section 1,1,1.32455313205719,247.0,1.32455313205719,solid,sampled
01,Section 1,1,1.3254166841506958,248.0,1.3254166841506958,solid,sampled
01,Section 1,1,1.3297463655471802,249.0,1.3297463655471802,solid,sampled
01,Section 1,1,1.3393161296844482,250.0,1.3393161296844482,solid,sampled
01,Section 1,1,1.3326680660247803,251.0,1.3326680660247803,solid,sampled
01,Section 1,1,1.3521366119384766,252.0,1.3521366119384766,solid,sampled
01,Section 1,1,1.3451976776123047,253.0,1.3451976776123047,solid,sampled
01,Section 1,1,1.3573527336120605,254.0,1.3573527336120605,solid,sampled
01,Section 1,1,1.3648849725723267,255.0,1.3648849725723267,solid,sampled
01,Section 1,1,1.3547035455703735,256.0,1.3547035455703735,solid,sampled
01,Section 1,1,1.3623616695404053,257.0,1.3623616695404053,solid,sampled
01,Section 1,1,1.3663960695266724,258.0,1.3663960695266724,solid,sampled
01,Section 1,1,1.368855357170105,259.0,1.368855357170105,solid,sampled
01,Section 1,1,1.3818027973175049,260.0,1.3818027973175049,solid,sampled
01,Section 1,1,1.3794777393341064,261.0,1.3794777393341064,solid,sampled
01,Section 1,1,1.3930801153182983,262.0,1.3930801153182983,solid,sampled
01,Section 1,1,1.3991506099700928,263.0,1.3991506099700928,solid,sampled
01,Section 1,1,1.4035807847976685,264.0,1.4035807847976685,solid,sampled
01,Section 1,1,1.3975616693496704,265.0,1.3975616693496704,solid,sampled
01,Section 1,1,1.40083646774292,266.0,1.40083646774292,solid,sampled
01,Section 1,1,1.4112377166748047,267.0,1.4112377166748047,solid,sampled
01,Section 1,1,1.4172337055206299,268.0,1.4172337055206299,solid,sampled
01,Section 1,1,1.416597604751587,269.0,1.416597604751587,solid,sampled
01,Section 1,1,1.417516827583313,270.0,1.417516827583313,solid,sampled
01,Section 1,1,1.4176132678985596,271.0,1.4176132678985596,solid,sampled
01,Section 1,1,1.4357757568359375,272.0,1.4357757568359375,solid,sampled
01,Section 1,1,1.439514398574829,273.0,1.439514398574829,solid,sampled
01,Section 1,1,1.44041109085083,274.0,1.44041109085083,solid,sampled
01,Section 1,1,1.4426891803741455,275.0,1.4426891803741455,solid,sampled
01,Section 1,1,1.4488294124603271,276.0,1.4488294124603271,solid,sampled
01,Section 1,1,1.4589369297027588,277.0,1.4589369297027588,solid,sampled
01,Section 1,1,1.4582860469818115,278.0,1.4582860469818115,solid,sampled
01,Section 1,1,1.4601495265960693,279.0,1.4601495265960693,solid,sampled
01,Section 1,1,1.4637446403503418,280.0,1.4637446403503418,solid,sampled
01,Section 1,1,1.4638655185699463,281.0,1.4638655185699463,solid,sampled
01,Section 1,1,1.4634428024291992,282.0,1.4634428024291992,solid,sampled
01,Section 1,1,1.4587695598602295,283.0,1.4587695598602295,solid,sampled
01,Section 1,1,1.4650044441223145,284.0,1.4650044441223145,solid,sampled
01,Section 1,1,1.4651424884796143,285.0,1.4651424884796143,solid,sampled
01,Section 1,1,1.466015338897705,286.0,1.466015338897705,solid,sampled
01,Section 1,1,1.4762353897094727,287.0,1.4762353897094727,solid,sampled
01,Section 1,1,1.4838948249816895,288.0,1.4838948249816895,solid,sampled
01,Section 1,1,1.4817239046096802,289.0,1.4817239046096802,solid,sampled
01,Section 1,1,1.4904215335845947,290.0,1.4904215335845947,solid,sampled
01,Section 1,1,1.4930840730667114,291.0,1.4930840730667114,solid,sampled
01,Section 1,1,1.5028809309005737,292.0,1.5028809309005737,solid,sampled
01,Section 1,1,1.5004485845565796,293.0,1.5004485845565796,solid,sampled
01,Section 1,1,1.4905136823654175,294.0,1.4905136823654175,solid,sampled
01,Section 1,1,1.5123376846313477,295.0,1.5123376846313477,solid,sampled
01,Section 1,1,1.5154086351394653,296.0,1.5154086351394653,solid,sampled
01,Section 1,1,1.5196948051452637,297.0,1.5196948051452637,solid,sampled
01,Section 1,1,1.523901104927063,298.0,1.523901104927063,solid,sampled
01,Section 1,1,1.521306037902832,299.0,1.521306037902832,solid,sampled
01,Section 1,1,1.5235289335250854,300.0,1.5235289335250854,solid,sampled
01,Section 1,1,1.5370421409606934,301.0,1.5370421409606934,solid,sampled
01,Section 1,1,1.5419210195541382,302.0,1.5419210195541382,solid,sampled
01,Section 1,1,1.5469844341278076,303.0,1.5469844341278076,solid,sampled
01,Section 1,1,1.5560723543167114,304.0,1.5560723543167114,solid,sampled
01,Section 1,1,1.5658143758773804,305.0,1.5658143758773804,solid,sampled
01,Section 1,1,1.5589196681976318,306.0,1.5589196681976318,solid,sampled
01,Section 1,1,1.571338415145874,307.0,1.571338415145874,solid,sampled
01,Section 1,1,1.5714550018310547,308.0,1.5714550018310547,solid,sampled
01,Section 1,1,1.5711662769317627,309.0,1.5711662769317627,solid,sampled
01,Section 1,1,1.5660555362701416,310.0,1.5660555362701416,solid,sampled
01,Section 1,1,1.5925241708755493,311.0,1.5925241708755493,solid,sampled
01,Section 1,1,1.593399167060852,312.0,1.593399167060852,solid,sampled
01,Section 1,1,1.5999562740325928,313.0,1.5999562740325928,solid,sampled
01,Section 1,1,1.6060227155685425,314.0,1.6060227155685425,solid,sampled
01,Section 1,1,1.6060110330581665,315.0,1.6060110330581665,solid,sampled
01,Section 1,1,1.6215198040008545,316.0,1.6215198040008545,solid,sampled
01,Section 1,1,1.6181724071502686,317.0,1.6181724071502686,solid,sampled
01,Section 1,1,1.6275378465652466,318.0,1.6275378465652466,solid,sampled
01,Section 1,1,1.614881992340088,319.0,1.614881992340088,solid,sampled
01,Section 1,1,1.6186456680297852,320.0,1.6186456680297852,solid,sampled
01,Section 1,1,1.637946367263794,321.0,1.637946367263794,solid,sampled
01,Section 1,1,1.6406587362289429,322.0,1.6406587362289429,solid,sampled
01,Section 1,1,1.643183708190918,323.0,1.643183708190918,solid,sampled
01,Section 1,1,1.651118278503418,324.0,1.651118278503418,solid,sampled
01,Section 1,1,1.662440299987793,325.0,1.662440299987793,solid,sampled
01,Section 1,1,1.6678411960601807,326.0,1.6678411960601807,solid,sampled
01,Section 1,1,1.669252872467041,327.0,1.669252872467041,solid,sampled
01,Section 1,1,1.6852675676345825,328.0,1.6852675676345825,solid,sampled
01,Section 1,1,1.6939101219177246,329.0,1.6939101219177246,solid,sampled
01,Section 1,1,1.7081232070922852,330.0,1.7081232070922852,solid,sampled
01,Section 1,1,1.7219853401184082,331.0,1.7219853401184082,solid,sampled
01,Section 1,1,1.7203478813171387,332.0,1.7203478813171387,solid,sampled
01,Section 1,1,1.7256180047988892,333.0,1.7256180047988892,solid,sampled
01,Section 1,1,1.7298109531402588,334.0,1.7298109531402588,solid,sampled
01,Section 1,1,1.7395849227905273,335.0,1.7395849227905273,solid,sampled
01,Section 1,1,1.747585654258728,336.0,1.747585654258728,solid,sampled
01,Section 1,1,1.7572232484817505,337.0,1.7572232484817505,solid,sampled
01,Section 1,1,1.7635993957519531,338.0,1.7635993957519531,solid,sampled
01,Section 1,1,1.756695032119751,339.0,1.756695032119751,solid,sampled
01,Section 1,1,1.7649012804031372,340.0,1.7649012804031372,solid,sampled
01,Section 1,1,1.7636510133743286,341.0,1.7636510133743286,solid,sampled
01,Section 1,1,1.7747890949249268,342.0,1.7747890949249268,solid,sampled
01,Section 1,1,1.7727653980255127,343.0,1.7727653980255127,solid,sampled
01,Section 1,1,1.7812469005584717,344.0,1.7812469005584717,solid,sampled
01,Section 1,1,1.778996467590332,345.0,1.778996467590332,solid,sampled
01,Section 1,1,1.7866301536560059,346.0,1.7866301536560059,solid,sampled
01,Section 1,1,1.79254150390625,347.0,1.79254150390625,solid,sampled
01,Section 1,1,1.7922093868255615,348.0,1.7922093868255615,solid,sampled
01,Section 1,1,1.808501124382019,349.0,1.808501124382019,solid,sampled
01,Section 1,1,1.8083709478378296,350.0,1.8083709478378296,solid,sampled
01,Section 1,1,1.8210896253585815,351.0,1.8210896253585815,solid,sampled
01,Section 1,1,1.8219997882843018,352.0,1.8219997882843018,solid,sampled
01,Section 1,1,1.8302340507507324,353.0,1.8302340507507324,solid,sampled
01,Section 1,1,1.834709644317627,354.0,1.834709644317627,solid,sampled
01,Section 1,1,1.845412254333496,355.0,1.845412254333496,solid,sampled
01,Section 1,1,1.8501343727111816,356.0,1.8501343727111816,solid,sampled
01,Section 1,1,1.8541910648345947,357.0,1.8541910648345947,solid,sampled
01,Section 1,1,1.8613966703414917,358.0,1.8613966703414917,solid,sampled
01,Section 1,1,1.8664578199386597,359.0,1.8664578199386597,solid,sampled
01,Section 1,1,1.8776466846466064,360.0,1.8776466846466064,solid,sampled
01,Section 1,1,1.875441312789917,361.0,1.875441312789917,solid,sampled
01,Section 1,1,1.8926098346710205,362.0,1.8926098346710205,solid,sampled
01,Section 1,1,1.900008201599121,363.0,1.900008201599121,solid,sampled
01,Section 1,1,1.9128942489624023,364.0,1.9128942489624023,solid,sampled
01,Section 1,1,1.92974054813385,365.0,1.92974054813385,solid,sampled
01,Section 1,1,1.9407614469528198,366.0,1.9407614469528198,solid,sampled
01,Section 1,1,1.9521353244781494,367.0,1.9521353244781494,solid,sampled
01,Section 1,1,1.9743680953979492,368.0,1.9743680953979492,solid,sampled
01,Section 1,1,1.99219810962677,369.0,1.99219810962677,solid,sampled
01,Section 1,1,2.003403902053833,370.0,2.003403902053833,solid,sampled
01,Section 1,1,2.0093185901641846,371.0,2.0093185901641846,solid,sampled
01,Section 1,1,2.0190930366516113,372.0,2.0190930366516113,solid,sampled
01,Section 1,1,2.032467842102051,373.0,2.032467842102051,solid,sampled
01,Section 1,1,2.0411880016326904,374.0,2.0411880016326904,solid,sampled
01,Section 1,1,2.0371038913726807,375.0,2.0371038913726807,solid,sampled
01,Section 1,1,2.037804365158081,376.0,2.037804365158081,solid,sampled
01,Section 1,1,2.0342235565185547,377.0,2.0342235565185547,solid,sampled
01,Section 1,1,2.033745288848877,378.0,2.033745288848877,solid,sampled
01,Section 1,1,2.0210397243499756,379.0,2.0210397243499756,solid,sampled
01,Section 1,1,2.022822380065918,380.0,2.022822380065918,solid,sampled
01,Section 1,1,2.0059056282043457,381.0,2.0059056282043457,solid,sampled
01,Section 1,1,2.0048818588256836,382.0,2.0048818588256836,solid,sampled
01,Section 1,1,2.007431983947754,383.0,2.007431983947754,solid,sampled
01,Section 1,1,2.004574775695801,384.0,2.004574775695801,solid,sampled
01,Section 1,1,1.9992821216583252,385.0,1.9992821216583252,solid,sampled
01,Section 1,1,1.9976119995117188,386.0,1.9976119995117188,solid,sampled
01,Section 1,1,2.005556583404541,387.0,2.005556583404541,solid,sampled
01,Section 1,1,2.0114259719848633,388.0,2.0114259719848633,solid,sampled
01,Section 1,1,1.9969432353973389,389.0,1.9969432353973389,solid,sampled
01,Section 1,1,2.0221590995788574,390.0,2.0221590995788574,solid,sampled
01,Section 1,1,2.022542953491211,391.0,2.022542953491211,solid,sampled
01,Section 1,1,2.0269036293029785,392.0,2.0269036293029785,solid,sampled
01,Section 1,1,2.029033899307251,393.0,2.029033899307251,solid,sampled
01,Section 1,1,2.0323822498321533,394.0,2.0323822498321533,solid,sampled
01,Section 1,1,2.024704694747925,395.0,2.024704694747925,solid,sampled
01,Section 1,1,2.0196125507354736,396.0,2.0196125507354736,solid,sampled
01,Section 1,1,2.01218843460083,397.0,2.01218843460083,solid,sampled
01,Section 1,1,2.0036048889160156,398.0,2.0036048889160156,solid,sampled
01,Section 1,1,2.0047354698181152,399.0,2.0047354698181152,solid,sampled
01,Section 1,1,2.0024847984313965,400.0,2.0024847984313965,solid,sampled
01,Section 1,1,1.9849570989608765,401.0,1.9849570989608765,solid,sampled
01,Section 1,1,1.9931235313415527,402.0,1.9931235313415527,solid,sampled
01,Section 1,1,1.9796851873397827,403.0,1.9796851873397827,solid,sampled
01,Section 1,1,1.9739104509353638,404.0,1.9739104509353638,solid,sampled
01,Section 1,1,1.9845812320709229,405.0,1.9845812320709229,solid,sampled
01,Section 1,1,1.971342921257019,406.0,1.971342921257019,solid,sampled
01,Section 1,1,1.9789477586746216,407.0,1.9789477586746216,solid,sampled
01,Section 1,1,1.9829232692718506,408.0,1.9829232692718506,solid,sampled
01,Section 1,1,1.979942798614502,409.0,1.979942798614502,solid,sampled
01,Section 1,1,1.9813416004180908,410.0,1.9813416004180908,solid,sampled
01,Section 1,1,1.9803409576416016,411.0,1.9803409576416016,solid,sampled
01,Section 1,1,1.9792447090148926,412.0,1.9792447090148926,solid,sampled
01,Section 1,1,1.980635404586792,413.0,1.980635404586792,solid,sampled
01,Section 1,1,1.9767329692840576,414.0,1.9767329692840576,solid,sampled
01,Section 1,1,1.9841909408569336,415.0,1.9841909408569336,solid,sampled
01,Section 1,1,1.9843158721923828,416.0,1.9843158721923828,solid,sampled
01,Section 1,1,1.9905107021331787,417.0,1.9905107021331787,solid,sampled
01,Section 1,1,1.988634467124939,418.0,1.988634467124939,solid,sampled
01,Section 1,1,1.9921932220458984,419.0,1.9921932220458984,solid,sampled
01,Section 1,1,1.9926813840866089,420.0,1.9926813840866089,solid,sampled
01,Section 1,1,1.996700406074524,421.0,1.996700406074524,solid,sampled
01,Section 1,1,2.00510311126709,422.0,2.00510311126709,solid,sampled
01,Section 1,1,1.9991421699523926,423.0,1.9991421699523926,solid,sampled
01,Section 1,1,2.0112359523773193,424.0,2.0112359523773193,solid,sampled
01,Section 1,1,2.0032825469970703,425.0,2.0032825469970703,solid,sampled
01,Section 1,1,2.0087392330169678,426.0,2.0087392330169678,solid,sampled
01,Section 1,1,2.020301580429077,427.0,2.020301580429077,solid,sampled
01,Section 1,1,2.0248301029205322,428.0,2.0248301029205322,solid,sampled
01,Section 1,1,2.0279154777526855,429.0,2.0279154777526855,solid,sampled
01,Section 1,1,2.026387929916382,430.0,2.026387929916382,solid,sampled
01,Section 1,1,2.032639980316162,431.0,2.032639980316162,solid,sampled
01,Section 1,1,2.0306649208068848,432.0,2.0306649208068848,solid,sampled
01,Section 1,1,2.028801918029785,433.0,2.028801918029785,solid,sampled
01,Section 1,1,2.0332233905792236,434.0,2.0332233905792236,solid,sampled
01,Section 1,1,2.0454227924346924,435.0,2.0454227924346924,solid,sampled
01,Section 1,1,2.0459885597229004,436.0,2.0459885597229004,solid,sampled
01,Section 1,1,2.0519332885742188,437.0,2.0519332885742188,solid,sampled
01,Section 1,1,2.0527613162994385,438.0,2.0527613162994385,solid,sampled
01,Section 1,1,2.0614891052246094,439.0,2.0614891052246094,solid,sampled
01,Section 1,1,2.067605495452881,440.0,2.067605495452881,solid,sampled
01,Section 1,1,2.0869717597961426,441.0,2.0869717597961426,solid,sampled
01,Section 1,1,2.1213865280151367,442.0,2.1213865280151367,solid,sampled
01,Section 1,1,2.17826771736145,443.0,2.17826771736145,solid,sampled
01,Section 1,1,2.2329676151275635,444.0,2.2329676151275635,solid,sampled
01,Section 1,1,2.3146281242370605,445.0,2.3146281242370605,solid,sampled
01,Section 1,1,2.401609182357788,446.0,2.401609182357788,solid,sampled
01,Section 1,1,2.492516279220581,447.0,2.492516279220581,solid,sampled
01,Section 1,1,2.579080104827881,448.0,2.579080104827881,solid,sampled
01,Section 1,1,2.676624298095703,449.0,2.676624298095703,solid,sampled
01,Section 1,1,2.7603893280029297,450.0,2.7603893280029297,solid,sampled
01,Section 1,1,2.854896068572998,451.0,2.854896068572998,solid,sampled
01,Section 1,1,2.941220760345459,452.0,2.941220760345459,solid,sampled
01,Section 1,1,3.022909164428711,453.0,3.022909164428711,solid,sampled
01,Section 1,1,3.1196703910827637,454.0,3.1196703910827637,solid,sampled
01,Section 1,1,3.220637559890747,455.0,3.220637559890747,solid,sampled
01,Section 1,1,3.3033885955810547,456.0,3.3033885955810547,solid,sampled
01,Section 1,1,3.4126744270324707,457.0,3.4126744270324707,solid,sampled
01,Section 1,1,3.5107078552246094,458.0,3.5107078552246094,solid,sampled
01,Section 1,1,3.6132121086120605,459.0,3.6132121086120605,solid,sampled
01,Section 1,1,3.684966564178467,460.0,3.684966564178467,solid,sampled
01,Section 1,1,3.770717144012451,461.0,3.770717144012451,solid,sampled
01,Section 1,1,3.8721232414245605,462.0,3.8721232414245605,solid,sampled
01,Section 1,1,3.9819774627685547,463.0,3.9819774627685547,solid,sampled
01,Section 1,1,3.9732666015625,464.0,3.9732666015625,solid,sampled
01,Section 1,1,3.9732303619384766,465.0,3.9732303619384766,solid,sampled
01,Section 1,1,3.999037027359009,466.0,3.999037027359009,solid,sampled
01,Section 1,1,4.022822380065918,467.0,4.022822380065918,solid,sampled
01,Section 1,1,4.063942909240723,468.0,4.063942909240723,solid,sampled
01,Section 1,1,4.09389066696167,469.0,4.09389066696167,solid,sampled
01,Section 1,1,4.132840156555176,470.0,4.132840156555176,solid,sampled
01,Section 1,1,4.210540771484375,471.0,4.210540771484375,solid,sampled
01,Section 1,1,4.2945146560668945,472.0,4.2945146560668945,solid,sampled
01,Section 1,1,4.381192207336426,473.0,4.381192207336426,solid,sampled
01,Section 1,1,4.472731113433838,474.0,4.472731113433838,solid,sampled
01,Section 1,1,4.552003860473633,475.0,4.552003860473633,solid,sampled
01,Section 1,1,4.636127471923828,476.0,4.636127471923828,solid,sampled
01,Section 1,1,4.712646484375,477.0,4.712646484375,solid,sampled
01,Section 1,1,4.784736156463623,478.0,4.784736156463623,solid,sampled
01,Section 1,1,4.836411952972412,479.0,4.836411952972412,solid,sampled
01,Section 1,1,4.878955364227295,480.0,4.878955364227295,solid,sampled
01,Section 1,1,4.912143707275391,481.0,4.912143707275391,solid,sampled
01,Section 1,1,4.9242167472839355,482.0,4.9242167472839355,solid,sampled
01,Section 1,1,4.941573143005371,483.0,4.941573143005371,solid,sampled
01,Section 1,1,4.991657257080078,484.0,4.991657257080078,solid,sampled
01,Section 1,1,5.055567741394043,485.0,5.055567741394043,solid,sampled
01,Section 1,1,5.102264881134033,486.0,5.102264881134033,solid,sampled
01,Section 1,1,5.151218414306641,487.0,5.151218414306641,solid,sampled
01,Section 1,1,5.226138114929199,488.0,5.226138114929199,solid,sampled
01,Section 1,1,5.302005767822266,489.0,5.302005767822266,solid,sampled
01,Section 1,1,5.42407751083374,490.0,5.42407751083374,solid,sampled
01,Section 1,1,5.558437347412109,491.0,5.558437347412109,solid,sampled
01,Section 1,1,5.701125144958496,492.0,5.701125144958496,solid,sampled
01,Section 1,1,5.857829570770264,493.0,5.857829570770264,solid,sampled
01,Section 1,1,5.999632835388184,494.0,5.999632835388184,solid,sampled
01,Section 1,1,6.145419597625732,495.0,6.145419597625732,solid,sampled
01,Section 1,1,6.29818058013916,496.0,6.29818058013916,solid,sampled
01,Section 1,1,6.481866359710693,497.0,6.481866359710693,solid,sampled
01,Section 1,1,6.828919410705566,498.0,6.828919410705566,solid,sampled
01,Section 1,1,7.332003593444824,499.0,7.332003593444824,solid,sampled
01,Section 1,1,7.887748718261719,500.0,7.887748718261719,solid,sampled
01,Section 1,1,8.413627624511719,501.0,8.413627624511719,solid,sampled
01,Section 1,1,9.121676445007324,502.0,9.121676445007324,solid,sampled
01,Section 1,1,9.685966491699219,503.0,9.685966491699219,solid,sampled
01,Section 1,1,10.990215301513672,504.0,10.990215301513672,solid,sampled
01,Section 1,1,11.29300308227539,505.0,11.29300308227539,solid,sampled
01,Section 1,1,11.996685028076172,506.0,11.996685028076172,solid,sampled
01,Section 1,1,12.697805404663086,507.0,12.697805404663086,solid,sampled
01,Section 1,1,14.570262908935547,508.0,14.570262908935547,solid,sampled
01,Section 1,1,14.409197807312012,509.0,14.409197807312012,solid,sampled
01,Section 1,1,14.090309143066406,510.0,14.090309143066406,solid,sampled
01,Section 1,1,14.175036430358887,511.0,14.175036430358887,solid,sampled
01,Section 1,1,14.001163482666016,512.0,14.001163482666016,solid,sampled
01,Section 1,1,13.634941101074219,513.0,13.634941101074219,solid,sampled
01,Section 1,1,13.914556503295898,514.0,13.914556503295898,solid,sampled
01,Section 1,1,0.0,515.0,,dotted,null_fill
01,Section 1,1,0.0,516.0,,dotted,null_fill
01,Section 1,1,0.0,517.0,,dotted,null_fill
01,Section 1,1,0.0,518.0,,dotted,null_fill
01,Section 1,1,0.0,519.0,,dotted,null_fill
01,Section 1,1,0.0,520.0,,dotted,null_fill
01,Section 1,1,0.0,521.0,,dotted,null_fill
01,Section 1,1,0.0,522.0,,dotted,null_fill
01,Section 1,1,0.0,523.0,,dotted,null_fill
01,Section 1,1,0.0,524.0,,dotted,null_fill
01,Section 1,1,0.0,525.0,,dotted,null_fill
01,Section 1,1,0.0,526.0,,dotted,null_fill
01,Section 1,1,0.0,527.0,,dotted,null_fill
01,Section 1,1,0.0,528.0,,dotted,null_fill
01,Section 1,1,0.0,529.0,,dotted,null_fill
01,Section 1,1,0.0,530.0,,dotted,null_fill
01,Section 1,1,0.0,531.0,,dotted,null_fill
01,Section 1,1,0.0,532.0,,dotted,null_fill
01,Section 1,1,0.0,533.0,,dotted,null_fill
01,Section 1,1,0.0,534.0,,dotted,null_fill
01,Section 1,1,0.0,535.0,,dotted,null_fill
01,Section 1,1,0.0,536.0,,dotted,null_fill
01,Section 1,1,0.0,537.0,,dotted,null_fill
01,Section 1,1,0.0,538.0,,dotted,null_fill
01,Section 1,1,0.0,538.007897,,dotted,null_fill
02,Section 2,2,0.0,0.0,,dotted,null_fill
02,Section 2,2,0.0,1.0,,dotted,null_fill
02,Section 2,2,0.0,2.0,,dotted,null_fill
02,Section 2,2,0.0,3.0,,dotted,null_fill
02,Section 2,2,0.0,4.0,,dotted,null_fill
02,Section 2,2,0.0,5.0,,dotted,null_fill
02,Section 2,2,0.0,6.0,,dotted,null_fill
02,Section 2,2,0.0,7.0,,dotted,null_fill
02,Section 2,2,0.0,8.0,,dotted,null_fill
02,Section 2,2,0.0,9.0,,dotted,null_fill
02,Section 2,2,0.0,10.0,,dotted,null_fill
02,Section 2,2,0.0,11.0,,dotted,null_fill
02,Section 2,2,0.0,12.0,,dotted,null_fill
02,Section 2,2,0.0,13.0,,dotted,null_fill
02,Section 2,2,0.0,14.0,,dotted,null_fill
02,Section 2,2,0.0,15.0,,dotted,null_fill
02,Section 2,2,0.0,16.0,,dotted,null_fill
02,Section 2,2,2.2209296226501465,17.0,2.2209296226501465,solid,sampled
02,Section 2,2,2.18265962600708,18.0,2.18265962600708,solid,sampled
02,Section 2,2,2.1464521884918213,19.0,2.1464521884918213,solid,sampled
02,Section 2,2,2.125197172164917,20.0,2.125197172164917,solid,sampled
02,Section 2,2,2.0913503170013428,21.0,2.0913503170013428,solid,sampled
02,Section 2,2,2.051974058151245,22.0,2.051974058151245,solid,sampled
02,Section 2,2,2.0399951934814453,23.0,2.0399951934814453,solid,sampled
02,Section 2,2,1.998610496520996,24.0,1.998610496520996,solid,sampled
02,Section 2,2,1.9601538181304932,25.0,1.9601538181304932,solid,sampled
02,Section 2,2,1.9192378520965576,26.0,1.9192378520965576,solid,sampled
02,Section 2,2,1.8938945531845093,27.0,1.8938945531845093,solid,sampled
02,Section 2,2,1.8432292938232422,28.0,1.8432292938232422,solid,sampled
02,Section 2,2,1.8270988464355469,29.0,1.8270988464355469,solid,sampled
02,Section 2,2,1.7902103662490845,30.0,1.7902103662490845,solid,sampled
02,Section 2,2,1.7653720378875732,31.0,1.7653720378875732,solid,sampled
02,Section 2,2,1.7417333126068115,32.0,1.7417333126068115,solid,sampled
02,Section 2,2,1.7219234704971313,33.0,1.7219234704971313,solid,sampled
02,Section 2,2,1.6804982423782349,34.0,1.6804982423782349,solid,sampled
02,Section 2,2,1.6619293689727783,35.0,1.6619293689727783,solid,sampled
02,Section 2,2,1.6256628036499023,36.0,1.6256628036499023,solid,sampled
02,Section 2,2,1.5888361930847168,37.0,1.5888361930847168,solid,sampled
02,Section 2,2,1.5716315507888794,38.0,1.5716315507888794,solid,sampled
02,Section 2,2,1.5336647033691406,39.0,1.5336647033691406,solid,sampled
02,Section 2,2,1.5138740539550781,40.0,1.5138740539550781,solid,sampled
02,Section 2,2,1.4827139377593994,41.0,1.4827139377593994,solid,sampled
02,Section 2,2,1.4655256271362305,42.0,1.4655256271362305,solid,sampled
02,Section 2,2,1.439360499382019,43.0,1.439360499382019,solid,sampled
02,Section 2,2,1.4230332374572754,44.0,1.4230332374572754,solid,sampled
02,Section 2,2,1.4210937023162842,45.0,1.4210937023162842,solid,sampled
02,Section 2,2,1.4048881530761719,46.0,1.4048881530761719,solid,sampled
02,Section 2,2,1.3816077709197998,47.0,1.3816077709197998,solid,sampled
02,Section 2,2,1.3690390586853027,48.0,1.3690390586853027,solid,sampled
02,Section 2,2,1.3587827682495117,49.0,1.3587827682495117,solid,sampled
02,Section 2,2,1.3601551055908203,50.0,1.3601551055908203,solid,sampled
02,Section 2,2,1.3541767597198486,51.0,1.3541767597198486,solid,sampled
02,Section 2,2,1.350466251373291,52.0,1.350466251373291,solid,sampled
02,Section 2,2,1.3481388092041016,53.0,1.3481388092041016,solid,sampled
02,Section 2,2,1.3459293842315674,54.0,1.3459293842315674,solid,sampled
02,Section 2,2,1.326066017150879,55.0,1.326066017150879,solid,sampled
02,Section 2,2,1.3279495239257812,56.0,1.3279495239257812,solid,sampled
02,Section 2,2,1.3244330883026123,57.0,1.3244330883026123,solid,sampled
02,Section 2,2,1.3072500228881836,58.0,1.3072500228881836,solid,sampled
02,Section 2,2,1.3011276721954346,59.0,1.3011276721954346,solid,sampled
02,Section 2,2,1.288827657699585,60.0,1.288827657699585,solid,sampled
02,Section 2,2,1.2805867195129395,61.0,1.2805867195129395,solid,sampled
02,Section 2,2,1.2730320692062378,62.0,1.2730320692062378,solid,sampled
02,Section 2,2,1.264021873474121,63.0,1.264021873474121,solid,sampled
02,Section 2,2,1.246259331703186,64.0,1.246259331703186,solid,sampled
02,Section 2,2,1.2476065158843994,65.0,1.2476065158843994,solid,sampled
02,Section 2,2,1.2397099733352661,66.0,1.2397099733352661,solid,sampled
02,Section 2,2,1.240868330001831,67.0,1.240868330001831,solid,sampled
02,Section 2,2,1.2333686351776123,68.0,1.2333686351776123,solid,sampled
02,Section 2,2,1.223222017288208,69.0,1.223222017288208,solid,sampled
02,Section 2,2,1.215815782546997,70.0,1.215815782546997,solid,sampled
02,Section 2,2,1.2127506732940674,71.0,1.2127506732940674,solid,sampled
02,Section 2,2,1.218990445137024,72.0,1.218990445137024,solid,sampled
02,Section 2,2,1.2237354516983032,73.0,1.2237354516983032,solid,sampled
02,Section 2,2,1.2161574363708496,74.0,1.2161574363708496,solid,sampled
02,Section 2,2,1.2098995447158813,75.0,1.2098995447158813,solid,sampled
02,Section 2,2,1.2058254480361938,76.0,1.2058254480361938,solid,sampled
02,Section 2,2,1.204958200454712,77.0,1.204958200454712,solid,sampled
02,Section 2,2,1.1944966316223145,78.0,1.1944966316223145,solid,sampled
02,Section 2,2,1.1922762393951416,79.0,1.1922762393951416,solid,sampled
02,Section 2,2,1.1825520992279053,80.0,1.1825520992279053,solid,sampled
02,Section 2,2,1.1900150775909424,81.0,1.1900150775909424,solid,sampled
02,Section 2,2,1.1986594200134277,82.0,1.1986594200134277,solid,sampled
02,Section 2,2,1.209937334060669,83.0,1.209937334060669,solid,sampled
02,Section 2,2,1.2242463827133179,84.0,1.2242463827133179,solid,sampled
02,Section 2,2,1.227795124053955,85.0,1.227795124053955,solid,sampled
02,Section 2,2,1.2344560623168945,86.0,1.2344560623168945,solid,sampled
02,Section 2,2,1.2152996063232422,87.0,1.2152996063232422,solid,sampled
02,Section 2,2,1.2214248180389404,88.0,1.2214248180389404,solid,sampled
02,Section 2,2,1.2244892120361328,89.0,1.2244892120361328,solid,sampled
02,Section 2,2,1.2252743244171143,90.0,1.2252743244171143,solid,sampled
02,Section 2,2,1.2213279008865356,91.0,1.2213279008865356,solid,sampled
02,Section 2,2,1.211316466331482,92.0,1.211316466331482,solid,sampled
02,Section 2,2,1.201515555381775,93.0,1.201515555381775,solid,sampled
02,Section 2,2,1.2018742561340332,94.0,1.2018742561340332,solid,sampled
02,Section 2,2,1.2046494483947754,95.0,1.2046494483947754,solid,sampled
02,Section 2,2,1.2173917293548584,96.0,1.2173917293548584,solid,sampled
02,Section 2,2,1.201040506362915,97.0,1.201040506362915,solid,sampled
02,Section 2,2,1.1991031169891357,98.0,1.1991031169891357,solid,sampled
02,Section 2,2,1.192832589149475,99.0,1.192832589149475,solid,sampled
02,Section 2,2,1.1916580200195312,100.0,1.1916580200195312,solid,sampled
02,Section 2,2,1.1791794300079346,101.0,1.1791794300079346,solid,sampled
02,Section 2,2,1.1711649894714355,102.0,1.1711649894714355,solid,sampled
02,Section 2,2,1.1697230339050293,103.0,1.1697230339050293,solid,sampled
02,Section 2,2,1.1613097190856934,104.0,1.1613097190856934,solid,sampled
02,Section 2,2,1.1585798263549805,105.0,1.1585798263549805,solid,sampled
02,Section 2,2,1.158195972442627,106.0,1.158195972442627,solid,sampled
02,Section 2,2,1.1589810848236084,107.0,1.1589810848236084,solid,sampled
02,Section 2,2,1.1499664783477783,108.0,1.1499664783477783,solid,sampled
02,Section 2,2,1.1530089378356934,109.0,1.1530089378356934,solid,sampled
02,Section 2,2,1.1540594100952148,110.0,1.1540594100952148,solid,sampled
02,Section 2,2,1.1533610820770264,111.0,1.1533610820770264,solid,sampled
02,Section 2,2,1.141083836555481,112.0,1.141083836555481,solid,sampled
02,Section 2,2,1.1395437717437744,113.0,1.1395437717437744,solid,sampled
02,Section 2,2,1.1418808698654175,114.0,1.1418808698654175,solid,sampled
02,Section 2,2,1.1460365056991577,115.0,1.1460365056991577,solid,sampled
02,Section 2,2,1.1369619369506836,116.0,1.1369619369506836,solid,sampled
02,Section 2,2,1.1351089477539062,117.0,1.1351089477539062,solid,sampled
02,Section 2,2,1.1410528421401978,118.0,1.1410528421401978,solid,sampled
02,Section 2,2,1.1226342916488647,119.0,1.1226342916488647,solid,sampled
02,Section 2,2,1.1229182481765747,120.0,1.1229182481765747,solid,sampled
02,Section 2,2,1.1295499801635742,121.0,1.1295499801635742,solid,sampled
02,Section 2,2,1.1186656951904297,122.0,1.1186656951904297,solid,sampled
02,Section 2,2,1.1133153438568115,123.0,1.1133153438568115,solid,sampled
02,Section 2,2,1.12919282913208,124.0,1.12919282913208,solid,sampled
02,Section 2,2,1.1227695941925049,125.0,1.1227695941925049,solid,sampled
02,Section 2,2,1.120805025100708,126.0,1.120805025100708,solid,sampled
02,Section 2,2,1.106689453125,127.0,1.106689453125,solid,sampled
02,Section 2,2,1.107384443283081,128.0,1.107384443283081,solid,sampled
02,Section 2,2,1.1010808944702148,129.0,1.1010808944702148,solid,sampled
02,Section 2,2,1.103219747543335,130.0,1.103219747543335,solid,sampled
02,Section 2,2,1.0932283401489258,131.0,1.0932283401489258,solid,sampled
02,Section 2,2,1.120226502418518,132.0,1.120226502418518,solid,sampled
02,Section 2,2,1.0960688591003418,133.0,1.0960688591003418,solid,sampled
02,Section 2,2,1.107573390007019,134.0,1.107573390007019,solid,sampled
02,Section 2,2,1.1113667488098145,135.0,1.1113667488098145,solid,sampled
02,Section 2,2,1.1046096086502075,136.0,1.1046096086502075,solid,sampled
02,Section 2,2,1.0944454669952393,137.0,1.0944454669952393,solid,sampled
02,Section 2,2,1.1036105155944824,138.0,1.1036105155944824,solid,sampled
02,Section 2,2,1.096450686454773,139.0,1.096450686454773,solid,sampled
02,Section 2,2,1.0966873168945312,140.0,1.0966873168945312,solid,sampled
02,Section 2,2,1.096609354019165,141.0,1.096609354019165,solid,sampled
02,Section 2,2,1.0863715410232544,142.0,1.0863715410232544,solid,sampled
02,Section 2,2,1.0898613929748535,143.0,1.0898613929748535,solid,sampled
02,Section 2,2,1.0517239570617676,144.0,1.0517239570617676,solid,sampled
02,Section 2,2,1.070902705192566,145.0,1.070902705192566,solid,sampled
02,Section 2,2,1.0809780359268188,146.0,1.0809780359268188,solid,sampled
02,Section 2,2,1.0027382373809814,147.0,1.0027382373809814,solid,sampled
02,Section 2,2,1.0175061225891113,148.0,1.0175061225891113,solid,sampled
02,Section 2,2,0.9372138977050781,149.0,0.9372138977050781,solid,sampled
02,Section 2,2,0.9620057344436646,150.0,0.9620057344436646,solid,sampled
02,Section 2,2,0.900867223739624,151.0,0.900867223739624,solid,sampled
02,Section 2,2,0.9101474285125732,152.0,0.9101474285125732,solid,sampled
02,Section 2,2,0.8910335302352905,153.0,0.8910335302352905,solid,sampled
02,Section 2,2,0.9000766277313232,154.0,0.9000766277313232,solid,sampled
02,Section 2,2,0.886041522026062,155.0,0.886041522026062,solid,sampled
02,Section 2,2,0.8777356743812561,156.0,0.8777356743812561,solid,sampled
02,Section 2,2,0.862445592880249,157.0,0.862445592880249,solid,sampled
02,Section 2,2,0.8536887168884277,158.0,0.8536887168884277,solid,sampled
02,Section 2,2,0.8606040477752686,159.0,0.8606040477752686,solid,sampled
02,Section 2,2,0.8445165157318115,160.0,0.8445165157318115,solid,sampled
02,Section 2,2,0.8451722860336304,161.0,0.8451722860336304,solid,sampled
02,Section 2,2,0.8282437324523926,162.0,0.8282437324523926,solid,sampled
02,Section 2,2,0.8262395262718201,163.0,0.8262395262718201,solid,sampled
02,Section 2,2,0.8249725103378296,164.0,0.8249725103378296,solid,sampled
02,Section 2,2,0.8033499717712402,165.0,0.8033499717712402,solid,sampled
02,Section 2,2,0.7987059354782104,166.0,0.7987059354782104,solid,sampled
02,Section 2,2,0.7731320858001709,167.0,0.7731320858001709,solid,sampled
02,Section 2,2,0.783802330493927,168.0,0.783802330493927,solid,sampled
02,Section 2,2,0.7702786922454834,169.0,0.7702786922454834,solid,sampled
02,Section 2,2,0.7865676879882812,170.0,0.7865676879882812,solid,sampled
02,Section 2,2,0.7951189279556274,171.0,0.7951189279556274,solid,sampled
02,Section 2,2,0.7813543677330017,172.0,0.7813543677330017,solid,sampled
02,Section 2,2,0.7885134220123291,173.0,0.7885134220123291,solid,sampled
02,Section 2,2,0.7791759967803955,174.0,0.7791759967803955,solid,sampled
02,Section 2,2,0.7760021686553955,175.0,0.7760021686553955,solid,sampled
02,Section 2,2,0.7706217765808105,176.0,0.7706217765808105,solid,sampled
02,Section 2,2,0.7500202655792236,177.0,0.7500202655792236,solid,sampled
02,Section 2,2,0.7490993142127991,178.0,0.7490993142127991,solid,sampled
02,Section 2,2,0.7342417240142822,179.0,0.7342417240142822,solid,sampled
02,Section 2,2,0.7268829345703125,180.0,0.7268829345703125,solid,sampled
02,Section 2,2,0.7232396602630615,181.0,0.7232396602630615,solid,sampled
02,Section 2,2,0.7245956659317017,182.0,0.7245956659317017,solid,sampled
02,Section 2,2,0.7066870927810669,183.0,0.7066870927810669,solid,sampled
02,Section 2,2,0.6926740407943726,184.0,0.6926740407943726,solid,sampled
02,Section 2,2,0.6866171360015869,185.0,0.6866171360015869,solid,sampled
02,Section 2,2,0.6862759590148926,186.0,0.6862759590148926,solid,sampled
02,Section 2,2,0.6818462014198303,187.0,0.6818462014198303,solid,sampled
02,Section 2,2,0.6680645942687988,188.0,0.6680645942687988,solid,sampled
02,Section 2,2,0.6751903295516968,189.0,0.6751903295516968,solid,sampled
02,Section 2,2,0.6683199405670166,190.0,0.6683199405670166,solid,sampled
02,Section 2,2,0.6731709241867065,191.0,0.6731709241867065,solid,sampled
02,Section 2,2,0.682153582572937,192.0,0.682153582572937,solid,sampled
02,Section 2,2,0.6680558919906616,193.0,0.6680558919906616,solid,sampled
02,Section 2,2,0.6677738428115845,194.0,0.6677738428115845,solid,sampled
02,Section 2,2,0.6852066516876221,195.0,0.6852066516876221,solid,sampled
02,Section 2,2,0.6797504425048828,196.0,0.6797504425048828,solid,sampled
02,Section 2,2,0.6856690049171448,197.0,0.6856690049171448,solid,sampled
02,Section 2,2,0.6987204551696777,198.0,0.6987204551696777,solid,sampled
02,Section 2,2,0.7050768733024597,199.0,0.7050768733024597,solid,sampled
02,Section 2,2,0.7044143676757812,200.0,0.7044143676757812,solid,sampled
02,Section 2,2,0.7149725556373596,201.0,0.7149725556373596,solid,sampled
02,Section 2,2,0.7336767911911011,202.0,0.7336767911911011,solid,sampled
02,Section 2,2,0.7424124479293823,203.0,0.7424124479293823,solid,sampled
02,Section 2,2,0.7527563571929932,204.0,0.7527563571929932,solid,sampled
02,Section 2,2,0.7487945556640625,205.0,0.7487945556640625,solid,sampled
02,Section 2,2,0.7677885293960571,206.0,0.7677885293960571,solid,sampled
02,Section 2,2,0.7640855312347412,207.0,0.7640855312347412,solid,sampled
02,Section 2,2,0.7737293243408203,208.0,0.7737293243408203,solid,sampled
02,Section 2,2,0.7834792733192444,209.0,0.7834792733192444,solid,sampled
02,Section 2,2,0.7714507579803467,210.0,0.7714507579803467,solid,sampled
02,Section 2,2,0.7872391939163208,211.0,0.7872391939163208,solid,sampled
02,Section 2,2,0.7773147225379944,212.0,0.7773147225379944,solid,sampled
02,Section 2,2,0.7719532251358032,213.0,0.7719532251358032,solid,sampled
02,Section 2,2,0.7688397169113159,214.0,0.7688397169113159,solid,sampled
02,Section 2,2,0.7575350999832153,215.0,0.7575350999832153,solid,sampled
02,Section 2,2,0.7518041133880615,216.0,0.7518041133880615,solid,sampled
02,Section 2,2,0.7459849715232849,217.0,0.7459849715232849,solid,sampled
02,Section 2,2,0.7440036535263062,218.0,0.7440036535263062,solid,sampled
02,Section 2,2,0.7322757244110107,219.0,0.7322757244110107,solid,sampled
02,Section 2,2,0.727891743183136,220.0,0.727891743183136,solid,sampled
02,Section 2,2,0.7094048261642456,221.0,0.7094048261642456,solid,sampled
02,Section 2,2,0.7141205072402954,222.0,0.7141205072402954,solid,sampled
02,Section 2,2,0.6930702924728394,223.0,0.6930702924728394,solid,sampled
02,Section 2,2,0.669642984867096,224.0,0.669642984867096,solid,sampled
02,Section 2,2,0.6500105857849121,225.0,0.6500105857849121,solid,sampled
02,Section 2,2,0.6651096343994141,226.0,0.6651096343994141,solid,sampled
02,Section 2,2,0.6574908494949341,227.0,0.6574908494949341,solid,sampled
02,Section 2,2,0.6513333320617676,228.0,0.6513333320617676,solid,sampled
02,Section 2,2,0.6421506404876709,229.0,0.6421506404876709,solid,sampled
02,Section 2,2,0.6404001712799072,230.0,0.6404001712799072,solid,sampled
02,Section 2,2,0.6296569108963013,231.0,0.6296569108963013,solid,sampled
02,Section 2,2,0.5938982963562012,232.0,0.5938982963562012,solid,sampled
02,Section 2,2,0.6196925640106201,233.0,0.6196925640106201,solid,sampled
02,Section 2,2,0.610368013381958,234.0,0.610368013381958,solid,sampled
02,Section 2,2,0.6051200032234192,235.0,0.6051200032234192,solid,sampled
02,Section 2,2,0.6147445440292358,236.0,0.6147445440292358,solid,sampled
02,Section 2,2,0.6135790944099426,237.0,0.6135790944099426,solid,sampled
02,Section 2,2,0.5953125953674316,238.0,0.5953125953674316,solid,sampled
02,Section 2,2,0.6021690368652344,239.0,0.6021690368652344,solid,sampled
02,Section 2,2,0.59498131275177,240.0,0.59498131275177,solid,sampled
02,Section 2,2,0.58984375,241.0,0.58984375,solid,sampled
02,Section 2,2,0.5729942321777344,242.0,0.5729942321777344,solid,sampled
02,Section 2,2,0.5888684988021851,243.0,0.5888684988021851,solid,sampled
02,Section 2,2,0.5905410051345825,244.0,0.5905410051345825,solid,sampled
02,Section 2,2,0.5920121073722839,245.0,0.5920121073722839,solid,sampled
02,Section 2,2,0.6093001365661621,246.0,0.6093001365661621,solid,sampled
02,Section 2,2,0.616894006729126,247.0,0.616894006729126,solid,sampled
02,Section 2,2,0.6337924003601074,248.0,0.6337924003601074,solid,sampled
02,Section 2,2,0.6475741863250732,249.0,0.6475741863250732,solid,sampled
02,Section 2,2,0.66376793384552,250.0,0.66376793384552,solid,sampled
02,Section 2,2,0.6615721583366394,251.0,0.6615721583366394,solid,sampled
02,Section 2,2,0.6735866069793701,252.0,0.6735866069793701,solid,sampled
02,Section 2,2,0.6815057396888733,253.0,0.6815057396888733,solid,sampled
02,Section 2,2,0.6895352602005005,254.0,0.6895352602005005,solid,sampled
02,Section 2,2,0.6844029426574707,255.0,0.6844029426574707,solid,sampled
02,Section 2,2,0.6851754188537598,256.0,0.6851754188537598,solid,sampled
02,Section 2,2,0.6860537528991699,257.0,0.6860537528991699,solid,sampled
02,Section 2,2,0.6701763868331909,258.0,0.6701763868331909,solid,sampled
02,Section 2,2,0.656679630279541,259.0,0.656679630279541,solid,sampled
02,Section 2,2,0.6513681411743164,260.0,0.6513681411743164,solid,sampled
02,Section 2,2,0.6411762833595276,261.0,0.6411762833595276,solid,sampled
02,Section 2,2,0.6366591453552246,262.0,0.6366591453552246,solid,sampled
02,Section 2,2,0.6186065673828125,263.0,0.6186065673828125,solid,sampled
02,Section 2,2,0.6135218143463135,264.0,0.6135218143463135,solid,sampled
02,Section 2,2,0.6071435809135437,265.0,0.6071435809135437,solid,sampled
02,Section 2,2,0.5969955921173096,266.0,0.5969955921173096,solid,sampled
02,Section 2,2,0.5861392021179199,267.0,0.5861392021179199,solid,sampled
02,Section 2,2,0.5935223698616028,268.0,0.5935223698616028,solid,sampled
02,Section 2,2,0.5767066478729248,269.0,0.5767066478729248,solid,sampled
02,Section 2,2,0.5709781646728516,270.0,0.5709781646728516,solid,sampled
02,Section 2,2,0.5703312754631042,271.0,0.5703312754631042,solid,sampled
02,Section 2,2,0.5703021883964539,272.0,0.5703021883964539,solid,sampled
02,Section 2,2,0.5683974027633667,273.0,0.5683974027633667,solid,sampled
02,Section 2,2,0.5663651823997498,274.0,0.5663651823997498,solid,sampled
02,Section 2,2,0.5614895224571228,275.0,0.5614895224571228,solid,sampled
02,Section 2,2,0.5629478693008423,276.0,0.5629478693008423,solid,sampled
02,Section 2,2,0.5585379600524902,277.0,0.5585379600524902,solid,sampled
02,Section 2,2,0.5631071925163269,278.0,0.5631071925163269,solid,sampled
02,Section 2,2,0.5565598011016846,279.0,0.5565598011016846,solid,sampled
02,Section 2,2,0.553586483001709,280.0,0.553586483001709,solid,sampled
02,Section 2,2,0.557278037071228,281.0,0.557278037071228,solid,sampled
02,Section 2,2,0.5762647986412048,282.0,0.5762647986412048,solid,sampled
02,Section 2,2,0.5664262771606445,283.0,0.5664262771606445,solid,sampled
02,Section 2,2,0.5581670999526978,284.0,0.5581670999526978,solid,sampled
02,Section 2,2,0.5477156639099121,285.0,0.5477156639099121,solid,sampled
02,Section 2,2,0.5421651601791382,286.0,0.5421651601791382,solid,sampled
02,Section 2,2,0.5468240976333618,287.0,0.5468240976333618,solid,sampled
02,Section 2,2,0.5431113839149475,288.0,0.5431113839149475,solid,sampled
02,Section 2,2,0.5443211793899536,289.0,0.5443211793899536,solid,sampled
02,Section 2,2,0.5504322648048401,290.0,0.5504322648048401,solid,sampled
02,Section 2,2,0.5437288880348206,291.0,0.5437288880348206,solid,sampled
02,Section 2,2,0.5433375239372253,292.0,0.5433375239372253,solid,sampled
02,Section 2,2,0.5395514369010925,293.0,0.5395514369010925,solid,sampled
02,Section 2,2,0.528581976890564,294.0,0.528581976890564,solid,sampled
02,Section 2,2,0.5270603895187378,295.0,0.5270603895187378,solid,sampled
02,Section 2,2,0.528894305229187,296.0,0.528894305229187,solid,sampled
02,Section 2,2,0.527502715587616,297.0,0.527502715587616,solid,sampled
02,Section 2,2,0.5191797614097595,298.0,0.5191797614097595,solid,sampled
02,Section 2,2,0.5104982852935791,299.0,0.5104982852935791,solid,sampled
02,Section 2,2,0.5035454034805298,300.0,0.5035454034805298,solid,sampled
02,Section 2,2,0.5120891332626343,301.0,0.5120891332626343,solid,sampled
02,Section 2,2,0.5100463628768921,302.0,0.5100463628768921,solid,sampled
02,Section 2,2,0.499897301197052,303.0,0.499897301197052,solid,sampled
02,Section 2,2,0.496063232421875,304.0,0.496063232421875,solid,sampled
02,Section 2,2,0.4863419532775879,305.0,0.4863419532775879,solid,sampled
02,Section 2,2,0.4933888912200928,306.0,0.4933888912200928,solid,sampled
02,Section 2,2,0.4805043935775757,307.0,0.4805043935775757,solid,sampled
02,Section 2,2,0.4802922010421753,308.0,0.4802922010421753,solid,sampled
02,Section 2,2,0.47471916675567627,309.0,0.47471916675567627,solid,sampled
02,Section 2,2,0.4532613456249237,310.0,0.4532613456249237,solid,sampled
02,Section 2,2,0.4524282217025757,311.0,0.4524282217025757,solid,sampled
02,Section 2,2,0.4436171352863312,312.0,0.4436171352863312,solid,sampled
02,Section 2,2,0.45040491223335266,313.0,0.45040491223335266,solid,sampled
02,Section 2,2,0.43698373436927795,314.0,0.43698373436927795,solid,sampled
02,Section 2,2,0.44497358798980713,315.0,0.44497358798980713,solid,sampled
02,Section 2,2,0.4411660432815552,316.0,0.4411660432815552,solid,sampled
02,Section 2,2,0.4351716637611389,317.0,0.4351716637611389,solid,sampled
02,Section 2,2,0.4331265389919281,318.0,0.4331265389919281,solid,sampled
02,Section 2,2,0.43477413058280945,319.0,0.43477413058280945,solid,sampled
02,Section 2,2,0.42759573459625244,320.0,0.42759573459625244,solid,sampled
02,Section 2,2,0.4193837344646454,321.0,0.4193837344646454,solid,sampled
02,Section 2,2,0.4153791666030884,322.0,0.4153791666030884,solid,sampled
02,Section 2,2,0.4072735011577606,323.0,0.4072735011577606,solid,sampled
02,Section 2,2,0.39935246109962463,324.0,0.39935246109962463,solid,sampled
02,Section 2,2,0.39397531747817993,325.0,0.39397531747817993,solid,sampled
02,Section 2,2,0.3973238468170166,326.0,0.3973238468170166,solid,sampled
02,Section 2,2,0.39252781867980957,327.0,0.39252781867980957,solid,sampled
02,Section 2,2,0.38809382915496826,328.0,0.38809382915496826,solid,sampled
02,Section 2,2,0.37804698944091797,329.0,0.37804698944091797,solid,sampled
02,Section 2,2,0.3702734112739563,330.0,0.3702734112739563,solid,sampled
02,Section 2,2,0.3855215609073639,331.0,0.3855215609073639,solid,sampled
02,Section 2,2,0.3790179193019867,332.0,0.3790179193019867,solid,sampled
02,Section 2,2,0.37041082978248596,333.0,0.37041082978248596,solid,sampled
02,Section 2,2,0.38480502367019653,334.0,0.38480502367019653,solid,sampled
02,Section 2,2,0.37553662061691284,335.0,0.37553662061691284,solid,sampled
02,Section 2,2,0.3621218204498291,336.0,0.3621218204498291,solid,sampled
02,Section 2,2,0.35718798637390137,337.0,0.35718798637390137,solid,sampled
02,Section 2,2,0.3529074788093567,338.0,0.3529074788093567,solid,sampled
02,Section 2,2,0.3518192172050476,339.0,0.3518192172050476,solid,sampled
02,Section 2,2,0.35515186190605164,340.0,0.35515186190605164,solid,sampled
02,Section 2,2,0.3431784212589264,341.0,0.3431784212589264,solid,sampled
02,Section 2,2,0.33597078919410706,342.0,0.33597078919410706,solid,sampled
02,Section 2,2,0.3574153184890747,343.0,0.3574153184890747,solid,sampled
02,Section 2,2,0.3378535807132721,344.0,0.3378535807132721,solid,sampled
02,Section 2,2,0.3292772173881531,345.0,0.3292772173881531,solid,sampled
02,Section 2,2,0.3439432680606842,346.0,0.3439432680606842,solid,sampled
02,Section 2,2,0.3202826976776123,347.0,0.3202826976776123,solid,sampled
02,Section 2,2,0.3246474266052246,348.0,0.3246474266052246,solid,sampled
02,Section 2,2,0.31877756118774414,349.0,0.31877756118774414,solid,sampled
02,Section 2,2,0.32448387145996094,350.0,0.32448387145996094,solid,sampled
02,Section 2,2,0.32898613810539246,351.0,0.32898613810539246,solid,sampled
02,Section 2,2,0.3241537809371948,352.0,0.3241537809371948,solid,sampled
02,Section 2,2,0.32433074712753296,353.0,0.32433074712753296,solid,sampled
02,Section 2,2,0.31900978088378906,354.0,0.31900978088378906,solid,sampled
02,Section 2,2,0.31803399324417114,355.0,0.31803399324417114,solid,sampled
02,Section 2,2,0.3199857175350189,356.0,0.3199857175350189,solid,sampled
02,Section 2,2,0.3175015151500702,357.0,0.3175015151500702,solid,sampled
02,Section 2,2,0.30891770124435425,358.0,0.30891770124435425,solid,sampled
02,Section 2,2,0.31882333755493164,359.0,0.31882333755493164,solid,sampled
02,Section 2,2,0.3238602578639984,360.0,0.3238602578639984,solid,sampled
02,Section 2,2,0.31683313846588135,361.0,0.31683313846588135,solid,sampled
02,Section 2,2,0.3043060004711151,362.0,0.3043060004711151,solid,sampled
02,Section 2,2,0.3001137375831604,363.0,0.3001137375831604,solid,sampled
02,Section 2,2,0.29486602544784546,364.0,0.29486602544784546,solid,sampled
02,Section 2,2,0.2973998785018921,365.0,0.2973998785018921,solid,sampled
02,Section 2,2,0.30394402146339417,366.0,0.30394402146339417,solid,sampled
02,Section 2,2,0.311740517616272,367.0,0.311740517616272,solid,sampled
02,Section 2,2,0.31348276138305664,368.0,0.31348276138305664,solid,sampled
02,Section 2,2,0.3163757622241974,369.0,0.3163757622241974,solid,sampled
02,Section 2,2,0.32396626472473145,370.0,0.32396626472473145,solid,sampled
02,Section 2,2,0.33604830503463745,371.0,0.33604830503463745,solid,sampled
02,Section 2,2,0.3485831022262573,372.0,0.3485831022262573,solid,sampled
02,Section 2,2,0.37081125378608704,373.0,0.37081125378608704,solid,sampled
02,Section 2,2,0.3904935419559479,374.0,0.3904935419559479,solid,sampled
02,Section 2,2,0.3976634442806244,375.0,0.3976634442806244,solid,sampled
02,Section 2,2,0.40608301758766174,376.0,0.40608301758766174,solid,sampled
02,Section 2,2,0.42093420028686523,377.0,0.42093420028686523,solid,sampled
02,Section 2,2,0.4274386763572693,378.0,0.4274386763572693,solid,sampled
02,Section 2,2,0.4403952956199646,379.0,0.4403952956199646,solid,sampled
02,Section 2,2,0.45328232645988464,380.0,0.45328232645988464,solid,sampled
02,Section 2,2,0.4758131504058838,381.0,0.4758131504058838,solid,sampled
02,Section 2,2,0.5034937858581543,382.0,0.5034937858581543,solid,sampled
02,Section 2,2,0.5263851881027222,383.0,0.5263851881027222,solid,sampled
02,Section 2,2,0.5241705775260925,384.0,0.5241705775260925,solid,sampled
02,Section 2,2,0.5405604839324951,385.0,0.5405604839324951,solid,sampled
02,Section 2,2,0.5401775240898132,386.0,0.5401775240898132,solid,sampled
02,Section 2,2,0.5434054136276245,387.0,0.5434054136276245,solid,sampled
02,Section 2,2,0.5375570058822632,388.0,0.5375570058822632,solid,sampled
02,Section 2,2,0.5439978837966919,389.0,0.5439978837966919,solid,sampled
02,Section 2,2,0.5484426021575928,390.0,0.5484426021575928,solid,sampled
02,Section 2,2,0.5405696630477905,391.0,0.5405696630477905,solid,sampled
02,Section 2,2,0.5509517192840576,392.0,0.5509517192840576,solid,sampled
02,Section 2,2,0.5375045537948608,393.0,0.5375045537948608,solid,sampled
02,Section 2,2,0.5418863296508789,394.0,0.5418863296508789,solid,sampled
02,Section 2,2,0.5349775552749634,395.0,0.5349775552749634,solid,sampled
02,Section 2,2,0.523151159286499,396.0,0.523151159286499,solid,sampled
02,Section 2,2,0.5230541229248047,397.0,0.5230541229248047,solid,sampled
02,Section 2,2,0.5213925838470459,398.0,0.5213925838470459,solid,sampled
02,Section 2,2,0.5106924176216125,399.0,0.5106924176216125,solid,sampled
02,Section 2,2,0.5024713277816772,400.0,0.5024713277816772,solid,sampled
02,Section 2,2,0.5001703500747681,401.0,0.5001703500747681,solid,sampled
02,Section 2,2,0.4855809509754181,402.0,0.4855809509754181,solid,sampled
02,Section 2,2,0.4765317440032959,403.0,0.4765317440032959,solid,sampled
02,Section 2,2,0.46780604124069214,404.0,0.46780604124069214,solid,sampled
02,Section 2,2,0.4567887783050537,405.0,0.4567887783050537,solid,sampled
02,Section 2,2,0.45694154500961304,406.0,0.45694154500961304,solid,sampled
02,Section 2,2,0.45982909202575684,407.0,0.45982909202575684,solid,sampled
02,Section 2,2,0.4507347345352173,408.0,0.4507347345352173,solid,sampled
02,Section 2,2,0.4540588855743408,409.0,0.4540588855743408,solid,sampled
02,Section 2,2,0.42574024200439453,410.0,0.42574024200439453,solid,sampled
02,Section 2,2,0.43103349208831787,411.0,0.43103349208831787,solid,sampled
02,Section 2,2,0.41812705993652344,412.0,0.41812705993652344,solid,sampled
02,Section 2,2,0.40497589111328125,413.0,0.40497589111328125,solid,sampled
02,Section 2,2,0.4062179923057556,414.0,0.4062179923057556,solid,sampled
02,Section 2,2,0.40493667125701904,415.0,0.40493667125701904,solid,sampled
02,Section 2,2,0.3797255754470825,416.0,0.3797255754470825,solid,sampled
02,Section 2,2,0.38341784477233887,417.0,0.38341784477233887,solid,sampled
02,Section 2,2,0.3674497902393341,418.0,0.3674497902393341,solid,sampled
02,Section 2,2,0.3580511808395386,419.0,0.3580511808395386,solid,sampled
02,Section 2,2,0.35138383507728577,420.0,0.35138383507728577,solid,sampled
02,Section 2,2,0.3390757143497467,421.0,0.3390757143497467,solid,sampled
02,Section 2,2,0.31633260846138,422.0,0.31633260846138,solid,sampled
02,Section 2,2,0.3129854202270508,423.0,0.3129854202270508,solid,sampled
02,Section 2,2,0.30742138624191284,424.0,0.30742138624191284,solid,sampled
02,Section 2,2,0.2876037657260895,425.0,0.2876037657260895,solid,sampled
02,Section 2,2,0.2853386402130127,426.0,0.2853386402130127,solid,sampled
02,Section 2,2,0.27406173944473267,427.0,0.27406173944473267,solid,sampled
02,Section 2,2,0.26440200209617615,428.0,0.26440200209617615,solid,sampled
02,Section 2,2,0.2613976001739502,429.0,0.2613976001739502,solid,sampled
02,Section 2,2,0.26070088148117065,430.0,0.26070088148117065,solid,sampled
02,Section 2,2,0.2653285264968872,431.0,0.2653285264968872,solid,sampled
02,Section 2,2,0.2623811960220337,432.0,0.2623811960220337,solid,sampled
02,Section 2,2,0.24539124965667725,433.0,0.24539124965667725,solid,sampled
02,Section 2,2,0.23587661981582642,434.0,0.23587661981582642,solid,sampled
02,Section 2,2,0.24002885818481445,435.0,0.24002885818481445,solid,sampled
02,Section 2,2,0.22754928469657898,436.0,0.22754928469657898,solid,sampled
02,Section 2,2,0.22907772660255432,437.0,0.22907772660255432,solid,sampled
02,Section 2,2,0.22663545608520508,438.0,0.22663545608520508,solid,sampled
02,Section 2,2,0.2266620248556137,439.0,0.2266620248556137,solid,sampled
02,Section 2,2,0.22547495365142822,440.0,0.22547495365142822,solid,sampled
02,Section 2,2,0.2202080488204956,441.0,0.2202080488204956,solid,sampled
02,Section 2,2,0.21745142340660095,442.0,0.21745142340660095,solid,sampled
02,Section 2,2,0.21089518070220947,443.0,0.21089518070220947,solid,sampled
02,Section 2,2,0.19415701925754547,444.0,0.19415701925754547,solid,sampled
02,Section 2,2,0.18972885608673096,445.0,0.18972885608673096,solid,sampled
02,Section 2,2,0.1823781132698059,446.0,0.1823781132698059,solid,sampled
02,Section 2,2,0.17461124062538147,447.0,0.17461124062538147,solid,sampled
02,Section 2,2,0.18177595734596252,448.0,0.18177595734596252,solid,sampled
02,Section 2,2,0.1795598268508911,449.0,0.1795598268508911,solid,sampled
02,Section 2,2,0.178131103515625,450.0,0.178131103515625,solid,sampled
02,Section 2,2,0.17552369832992554,451.0,0.17552369832992554,solid,sampled
02,Section 2,2,0.16886389255523682,452.0,0.16886389255523682,solid,sampled
02,Section 2,2,0.17265154421329498,453.0,0.17265154421329498,solid,sampled
02,Section 2,2,0.17099624872207642,454.0,0.17099624872207642,solid,sampled
02,Section 2,2,0.15834888815879822,455.0,0.15834888815879822,solid,sampled
02,Section 2,2,0.16482451558113098,456.0,0.16482451558113098,solid,sampled
02,Section 2,2,0.17684048414230347,457.0,0.17684048414230347,solid,sampled
02,Section 2,2,0.1846911907196045,458.0,0.1846911907196045,solid,sampled
02,Section 2,2,0.17725658416748047,459.0,0.17725658416748047,solid,sampled
02,Section 2,2,0.1750974953174591,460.0,0.1750974953174591,solid,sampled
02,Section 2,2,0.17507705092430115,461.0,0.17507705092430115,solid,sampled
02,Section 2,2,0.17900371551513672,462.0,0.17900371551513672,solid,sampled
02,Section 2,2,0.1799827218055725,463.0,0.1799827218055725,solid,sampled
02,Section 2,2,0.19150352478027344,464.0,0.19150352478027344,solid,sampled
02,Section 2,2,0.20231536030769348,465.0,0.20231536030769348,solid,sampled
02,Section 2,2,0.23503613471984863,466.0,0.23503613471984863,solid,sampled
02,Section 2,2,0.24955207109451294,467.0,0.24955207109451294,solid,sampled
02,Section 2,2,0.258298397064209,468.0,0.258298397064209,solid,sampled
02,Section 2,2,0.26708126068115234,469.0,0.26708126068115234,solid,sampled
02,Section 2,2,0.2874385714530945,470.0,0.2874385714530945,solid,sampled
02,Section 2,2,0.29386377334594727,471.0,0.29386377334594727,solid,sampled
02,Section 2,2,0.3164026737213135,472.0,0.3164026737213135,solid,sampled
02,Section 2,2,0.3441849946975708,473.0,0.3441849946975708,solid,sampled
02,Section 2,2,0.3698093891143799,474.0,0.3698093891143799,solid,sampled
02,Section 2,2,0.41292980313301086,475.0,0.41292980313301086,solid,sampled
02,Section 2,2,0.4543241262435913,476.0,0.4543241262435913,solid,sampled
02,Section 2,2,0.4757445156574249,477.0,0.4757445156574249,solid,sampled
02,Section 2,2,0.480377197265625,478.0,0.480377197265625,solid,sampled
02,Section 2,2,0.48948201537132263,479.0,0.48948201537132263,solid,sampled
02,Section 2,2,0.5029476881027222,480.0,0.5029476881027222,solid,sampled
02,Section 2,2,0.5025432109832764,481.0,0.5025432109832764,solid,sampled
02,Section 2,2,0.5081003308296204,482.0,0.5081003308296204,solid,sampled
02,Section 2,2,0.5122131109237671,483.0,0.5122131109237671,solid,sampled
02,Section 2,2,0.5177988409996033,484.0,0.5177988409996033,solid,sampled
02,Section 2,2,0.5175991058349609,485.0,0.5175991058349609,solid,sampled
02,Section 2,2,0.5220746994018555,486.0,0.5220746994018555,solid,sampled
02,Section 2,2,0.521662175655365,487.0,0.521662175655365,solid,sampled
02,Section 2,2,0.5336402654647827,488.0,0.5336402654647827,solid,sampled
02,Section 2,2,0.5404192209243774,489.0,0.5404192209243774,solid,sampled
02,Section 2,2,0.5495781898498535,490.0,0.5495781898498535,solid,sampled
02,Section 2,2,0.5594815015792847,491.0,0.5594815015792847,solid,sampled
02,Section 2,2,0.5497786402702332,492.0,0.5497786402702332,solid,sampled
02,Section 2,2,0.5386658310890198,493.0,0.5386658310890198,solid,sampled
02,Section 2,2,0.5416095852851868,494.0,0.5416095852851868,solid,sampled
02,Section 2,2,0.5335887670516968,495.0,0.5335887670516968,solid,sampled
02,Section 2,2,0.5288752317428589,496.0,0.5288752317428589,solid,sampled
02,Section 2,2,0.5253818035125732,497.0,0.5253818035125732,solid,sampled
02,Section 2,2,0.5333606600761414,498.0,0.5333606600761414,solid,sampled
02,Section 2,2,0.5253908634185791,499.0,0.5253908634185791,solid,sampled
02,Section 2,2,0.5218203663825989,500.0,0.5218203663825989,solid,sampled
02,Section 2,2,0.5197427272796631,501.0,0.5197427272796631,solid,sampled
02,Section 2,2,0.5120932459831238,502.0,0.5120932459831238,solid,sampled
02,Section 2,2,0.5046968460083008,503.0,0.5046968460083008,solid,sampled
02,Section 2,2,0.5101379156112671,504.0,0.5101379156112671,solid,sampled
02,Section 2,2,0.49619191884994507,505.0,0.49619191884994507,solid,sampled
02,Section 2,2,0.5122091174125671,506.0,0.5122091174125671,solid,sampled
02,Section 2,2,0.5008093118667603,507.0,0.5008093118667603,solid,sampled
02,Section 2,2,0.5075836181640625,508.0,0.5075836181640625,solid,sampled
02,Section 2,2,0.49582910537719727,509.0,0.49582910537719727,solid,sampled
02,Section 2,2,0.48022010922431946,510.0,0.48022010922431946,solid,sampled
02,Section 2,2,0.4910081624984741,511.0,0.4910081624984741,solid,sampled
02,Section 2,2,0.48025932908058167,512.0,0.48025932908058167,solid,sampled
02,Section 2,2,0.47705912590026855,513.0,0.47705912590026855,solid,sampled
02,Section 2,2,0.47354763746261597,514.0,0.47354763746261597,solid,sampled
02,Section 2,2,0.46343493461608887,515.0,0.46343493461608887,solid,sampled
02,Section 2,2,0.4466109573841095,516.0,0.4466109573841095,solid,sampled
02,Section 2,2,0.44555842876434326,517.0,0.44555842876434326,solid,sampled
02,Section 2,2,0.44245368242263794,518.0,0.44245368242263794,solid,sampled
02,Section 2,2,0.4281439185142517,519.0,0.4281439185142517,solid,sampled
02,Section 2,2,0.4190129041671753,520.0,0.4190129041671753,solid,sampled
02,Section 2,2,0.4084811210632324,521.0,0.4084811210632324,solid,sampled
02,Section 2,2,0.3990929424762726,522.0,0.3990929424762726,solid,sampled
02,Section 2,2,0.39244556427001953,523.0,0.39244556427001953,solid,sampled
02,Section 2,2,0.37188124656677246,524.0,0.37188124656677246,solid,sampled
02,Section 2,2,0.3561984896659851,525.0,0.3561984896659851,solid,sampled
02,Section 2,2,0.3448747396469116,526.0,0.3448747396469116,solid,sampled
02,Section 2,2,0.33519434928894043,527.0,0.33519434928894043,solid,sampled
02,Section 2,2,0.3319908380508423,528.0,0.3319908380508423,solid,sampled
02,Section 2,2,0.3208674192428589,529.0,0.3208674192428589,solid,sampled
02,Section 2,2,0.30594193935394287,530.0,0.30594193935394287,solid,sampled
02,Section 2,2,0.2988249659538269,531.0,0.2988249659538269,solid,sampled
02,Section 2,2,0.28400978446006775,532.0,0.28400978446006775,solid,sampled
02,Section 2,2,0.2696399688720703,533.0,0.2696399688720703,solid,sampled
02,Section 2,2,0.2662172317504883,534.0,0.2662172317504883,solid,sampled
02,Section 2,2,0.26293349266052246,535.0,0.26293349266052246,solid,sampled
02,Section 2,2,0.24801769852638245,536.0,0.24801769852638245,solid,sampled
02,Section 2,2,0.2322477102279663,537.0,0.2322477102279663,solid,sampled
02,Section 2,2,0.21783483028411865,538.0,0.21783483028411865,solid,sampled
02,Section 2,2,0.2074391096830368,539.0,0.2074391096830368,solid,sampled
02,Section 2,2,0.19604535400867462,540.0,0.19604535400867462,solid,sampled
02,Section 2,2,0.18073749542236328,541.0,0.18073749542236328,solid,sampled
02,Section 2,2,0.1666049361228943,542.0,0.1666049361228943,solid,sampled
02,Section 2,2,0.15229804813861847,543.0,0.15229804813861847,solid,sampled
02,Section 2,2,0.13634133338928223,544.0,0.13634133338928223,solid,sampled
02,Section 2,2,0.10744243860244751,545.0,0.10744243860244751,solid,sampled
02,Section 2,2,0.11023211479187012,546.0,0.11023211479187012,solid,sampled
02,Section 2,2,0.09450089931488037,547.0,0.09450089931488037,solid,sampled
02,Section 2,2,0.07753849029541016,548.0,0.07753849029541016,solid,sampled
02,Section 2,2,0.04566505551338196,549.0,0.04566505551338196,solid,sampled
02,Section 2,2,0.026432454586029053,550.0,0.026432454586029053,solid,sampled
02,Section 2,2,0.010072588920593262,551.0,0.010072588920593262,solid,sampled
02,Section 2,2,-0.012674033641815186,552.0,-0.012674033641815186,solid,sampled
02,Section 2,2,-0.027716070413589478,553.0,-0.027716070413589478,solid,sampled
02,Section 2,2,-0.04100990295410156,554.0,-0.04100990295410156,solid,sampled
02,Section 2,2,-0.051279306411743164,555.0,-0.051279306411743164,solid,sampled
02,Section 2,2,-0.07672342658042908,556.0,-0.07672342658042908,solid,sampled
02,Section 2,2,-0.09530893713235855,557.0,-0.09530893713235855,solid,sampled
02,Section 2,2,-0.10298454761505127,558.0,-0.10298454761505127,solid,sampled
02,Section 2,2,-0.12511485815048218,559.0,-0.12511485815048218,solid,sampled
02,Section 2,2,-0.1409589648246765,560.0,-0.1409589648246765,solid,sampled
02,Section 2,2,-0.1651015281677246,561.0,-0.1651015281677246,solid,sampled
02,Section 2,2,-0.17624396085739136,562.0,-0.17624396085739136,solid,sampled
02,Section 2,2,-0.20203626155853271,563.0,-0.20203626155853271,solid,sampled
02,Section 2,2,-0.21886682510375977,564.0,-0.21886682510375977,solid,sampled
02,Section 2,2,-0.23173674941062927,565.0,-0.23173674941062927,solid,sampled
02,Section 2,2,-0.23954597115516663,566.0,-0.23954597115516663,solid,sampled
02,Section 2,2,-0.27494335174560547,567.0,-0.27494335174560547,solid,sampled
02,Section 2,2,-0.2910212278366089,568.0,-0.2910212278366089,solid,sampled
02,Section 2,2,-0.302518367767334,569.0,-0.302518367767334,solid,sampled
02,Section 2,2,-0.32179880142211914,570.0,-0.32179880142211914,solid,sampled
02,Section 2,2,-0.31707900762557983,571.0,-0.31707900762557983,solid,sampled
02,Section 2,2,-0.3457238972187042,572.0,-0.3457238972187042,solid,sampled
02,Section 2,2,-0.3690657615661621,573.0,-0.3690657615661621,solid,sampled
02,Section 2,2,-0.38611841201782227,574.0,-0.38611841201782227,solid,sampled
02,Section 2,2,-0.4047645926475525,575.0,-0.4047645926475525,solid,sampled
02,Section 2,2,-0.4224897623062134,576.0,-0.4224897623062134,solid,sampled
02,Section 2,2,-0.4261890649795532,577.0,-0.4261890649795532,solid,sampled
02,Section 2,2,-0.45931947231292725,578.0,-0.45931947231292725,solid,sampled
02,Section 2,2,-0.47065469622612,579.0,-0.47065469622612,solid,sampled
02,Section 2,2,-0.49139243364334106,580.0,-0.49139243364334106,solid,sampled
02,Section 2,2,-0.5070125460624695,581.0,-0.5070125460624695,solid,sampled
02,Section 2,2,-0.5380634069442749,582.0,-0.5380634069442749,solid,sampled
02,Section 2,2,-0.537135124206543,583.0,-0.537135124206543,solid,sampled
02,Section 2,2,-0.5746939182281494,584.0,-0.5746939182281494,solid,sampled
02,Section 2,2,-0.5767453908920288,585.0,-0.5767453908920288,solid,sampled
02,Section 2,2,-0.6030250191688538,586.0,-0.6030250191688538,solid,sampled
02,Section 2,2,-0.6130194067955017,587.0,-0.6130194067955017,solid,sampled
02,Section 2,2,-0.6397685408592224,588.0,-0.6397685408592224,solid,sampled
02,Section 2,2,-0.647271990776062,589.0,-0.647271990776062,solid,sampled
02,Section 2,2,-0.6648770570755005,590.0,-0.6648770570755005,solid,sampled
02,Section 2,2,-0.6870076060295105,591.0,-0.6870076060295105,solid,sampled
02,Section 2,2,-0.7263979911804199,592.0,-0.7263979911804199,solid,sampled
02,Section 2,2,-0.7262378931045532,593.0,-0.7262378931045532,solid,sampled
02,Section 2,2,-0.7465763688087463,594.0,-0.7465763688087463,solid,sampled
02,Section 2,2,-0.7488147616386414,595.0,-0.7488147616386414,solid,sampled
02,Section 2,2,-0.7880795001983643,596.0,-0.7880795001983643,solid,sampled
02,Section 2,2,-0.7957919239997864,597.0,-0.7957919239997864,solid,sampled
02,Section 2,2,-0.822981595993042,598.0,-0.822981595993042,solid,sampled
02,Section 2,2,-0.8113173842430115,599.0,-0.8113173842430115,solid,sampled
02,Section 2,2,-0.8510726690292358,600.0,-0.8510726690292358,solid,sampled
02,Section 2,2,-0.8417048454284668,601.0,-0.8417048454284668,solid,sampled
02,Section 2,2,-0.842980146408081,602.0,-0.842980146408081,solid,sampled
02,Section 2,2,-0.8735769391059875,603.0,-0.8735769391059875,solid,sampled
02,Section 2,2,-0.8758788108825684,604.0,-0.8758788108825684,solid,sampled
02,Section 2,2,-0.9244073629379272,605.0,-0.9244073629379272,solid,sampled
02,Section 2,2,-0.9489489793777466,606.0,-0.9489489793777466,solid,sampled
02,Section 2,2,-0.9466917514801025,607.0,-0.9466917514801025,solid,sampled
02,Section 2,2,-0.9867076873779297,608.0,-0.9867076873779297,solid,sampled
02,Section 2,2,-0.9938352108001709,609.0,-0.9938352108001709,solid,sampled
02,Section 2,2,-1.0126993656158447,610.0,-1.0126993656158447,solid,sampled
02,Section 2,2,-1.013031244277954,611.0,-1.013031244277954,solid,sampled
02,Section 2,2,-1.0492278337478638,612.0,-1.0492278337478638,solid,sampled
02,Section 2,2,-1.0519590377807617,613.0,-1.0519590377807617,solid,sampled
02,Section 2,2,-1.0671205520629883,614.0,-1.0671205520629883,solid,sampled
02,Section 2,2,-1.087226152420044,615.0,-1.087226152420044,solid,sampled
02,Section 2,2,-1.0944421291351318,616.0,-1.0944421291351318,solid,sampled
02,Section 2,2,-1.1117022037506104,617.0,-1.1117022037506104,solid,sampled
02,Section 2,2,-1.125502109527588,618.0,-1.125502109527588,solid,sampled
02,Section 2,2,-1.133756160736084,619.0,-1.133756160736084,solid,sampled
02,Section 2,2,-1.1413252353668213,620.0,-1.1413252353668213,solid,sampled
02,Section 2,2,-1.1555793285369873,621.0,-1.1555793285369873,solid,sampled
02,Section 2,2,-1.1762452125549316,622.0,-1.1762452125549316,solid,sampled
02,Section 2,2,-1.1845979690551758,623.0,-1.1845979690551758,solid,sampled
02,Section 2,2,-1.2047921419143677,624.0,-1.2047921419143677,solid,sampled
02,Section 2,2,-1.207855463027954,625.0,-1.207855463027954,solid,sampled
02,Section 2,2,-1.2285289764404297,626.0,-1.2285289764404297,solid,sampled
02,Section 2,2,-1.245476245880127,627.0,-1.245476245880127,solid,sampled
02,Section 2,2,-1.2588310241699219,628.0,-1.2588310241699219,solid,sampled
02,Section 2,2,-1.2688112258911133,629.0,-1.2688112258911133,solid,sampled
02,Section 2,2,-1.3068201541900635,630.0,-1.3068201541900635,solid,sampled
02,Section 2,2,-1.3126062154769897,631.0,-1.3126062154769897,solid,sampled
02,Section 2,2,-1.331553339958191,632.0,-1.331553339958191,solid,sampled
02,Section 2,2,-1.3384051322937012,633.0,-1.3384051322937012,solid,sampled
02,Section 2,2,-1.3585454225540161,634.0,-1.3585454225540161,solid,sampled
02,Section 2,2,-1.3709375858306885,635.0,-1.3709375858306885,solid,sampled
02,Section 2,2,-1.3802235126495361,636.0,-1.3802235126495361,solid,sampled
02,Section 2,2,-1.39436674118042,637.0,-1.39436674118042,solid,sampled
02,Section 2,2,-1.4046835899353027,638.0,-1.4046835899353027,solid,sampled
02,Section 2,2,-1.4099924564361572,639.0,-1.4099924564361572,solid,sampled
02,Section 2,2,-1.4270678758621216,640.0,-1.4270678758621216,solid,sampled
02,Section 2,2,-1.4512460231781006,641.0,-1.4512460231781006,solid,sampled
02,Section 2,2,-1.4675180912017822,642.0,-1.4675180912017822,solid,sampled
02,Section 2,2,-1.4892711639404297,643.0,-1.4892711639404297,solid,sampled
02,Section 2,2,-1.494968295097351,644.0,-1.494968295097351,solid,sampled
02,Section 2,2,-1.5113825798034668,645.0,-1.5113825798034668,solid,sampled
02,Section 2,2,-1.5199311971664429,646.0,-1.5199311971664429,solid,sampled
02,Section 2,2,-1.5416107177734375,647.0,-1.5416107177734375,solid,sampled
02,Section 2,2,-1.5558853149414062,648.0,-1.5558853149414062,solid,sampled
02,Section 2,2,-1.568342685699463,649.0,-1.568342685699463,solid,sampled
02,Section 2,2,-1.5932514667510986,650.0,-1.5932514667510986,solid,sampled
02,Section 2,2,-1.60263991355896,651.0,-1.60263991355896,solid,sampled
02,Section 2,2,-1.6059479713439941,652.0,-1.6059479713439941,solid,sampled
02,Section 2,2,-1.622530460357666,653.0,-1.622530460357666,solid,sampled
02,Section 2,2,-1.6289751529693604,654.0,-1.6289751529693604,solid,sampled
02,Section 2,2,-1.6390585899353027,655.0,-1.6390585899353027,solid,sampled
02,Section 2,2,-1.6300456523895264,656.0,-1.6300456523895264,solid,sampled
02,Section 2,2,-1.6384154558181763,657.0,-1.6384154558181763,solid,sampled
02,Section 2,2,-1.6471924781799316,658.0,-1.6471924781799316,solid,sampled
02,Section 2,2,-1.6621510982513428,659.0,-1.6621510982513428,solid,sampled
02,Section 2,2,-1.6743682622909546,660.0,-1.6743682622909546,solid,sampled
02,Section 2,2,-1.6907787322998047,661.0,-1.6907787322998047,solid,sampled
02,Section 2,2,-1.7210698127746582,662.0,-1.7210698127746582,solid,sampled
02,Section 2,2,-1.7257474660873413,663.0,-1.7257474660873413,solid,sampled
02,Section 2,2,-1.718223214149475,664.0,-1.718223214149475,solid,sampled
02,Section 2,2,-1.7124356031417847,665.0,-1.7124356031417847,solid,sampled
02,Section 2,2,-1.7236624956130981,666.0,-1.7236624956130981,solid,sampled
02,Section 2,2,-1.7180525064468384,667.0,-1.7180525064468384,solid,sampled
02,Section 2,2,-1.7277498245239258,668.0,-1.7277498245239258,solid,sampled
02,Section 2,2,-1.719883918762207,669.0,-1.719883918762207,solid,sampled
02,Section 2,2,-1.7184133529663086,670.0,-1.7184133529663086,solid,sampled
02,Section 2,2,-1.7234865427017212,671.0,-1.7234865427017212,solid,sampled
02,Section 2,2,-1.7237904071807861,672.0,-1.7237904071807861,solid,sampled
02,Section 2,2,-1.7227275371551514,673.0,-1.7227275371551514,solid,sampled
02,Section 2,2,-1.7103261947631836,674.0,-1.7103261947631836,solid,sampled
02,Section 2,2,-1.6704692840576172,675.0,-1.6704692840576172,solid,sampled
02,Section 2,2,-1.657578945159912,676.0,-1.657578945159912,solid,sampled
02,Section 2,2,-1.6553839445114136,677.0,-1.6553839445114136,solid,sampled
02,Section 2,2,-1.6385319232940674,678.0,-1.6385319232940674,solid,sampled
02,Section 2,2,-1.626025915145874,679.0,-1.626025915145874,solid,sampled
02,Section 2,2,-1.6190332174301147,680.0,-1.6190332174301147,solid,sampled
02,Section 2,2,-1.6111650466918945,681.0,-1.6111650466918945,solid,sampled
02,Section 2,2,-1.5937418937683105,682.0,-1.5937418937683105,solid,sampled
02,Section 2,2,-1.5797958374023438,683.0,-1.5797958374023438,solid,sampled
02,Section 2,2,-1.567276954650879,684.0,-1.567276954650879,solid,sampled
02,Section 2,2,-1.5651333332061768,685.0,-1.5651333332061768,solid,sampled
02,Section 2,2,-1.5581036806106567,686.0,-1.5581036806106567,solid,sampled
02,Section 2,2,-1.529059648513794,687.0,-1.529059648513794,solid,sampled
02,Section 2,2,-1.5143250226974487,688.0,-1.5143250226974487,solid,sampled
02,Section 2,2,-1.501988172531128,689.0,-1.501988172531128,solid,sampled
02,Section 2,2,-1.4837234020233154,690.0,-1.4837234020233154,solid,sampled
02,Section 2,2,-1.4785029888153076,691.0,-1.4785029888153076,solid,sampled
02,Section 2,2,-1.4669325351715088,692.0,-1.4669325351715088,solid,sampled
02,Section 2,2,-1.4472970962524414,693.0,-1.4472970962524414,solid,sampled
02,Section 2,2,-1.4434447288513184,694.0,-1.4434447288513184,solid,sampled
02,Section 2,2,-1.4344971179962158,695.0,-1.4344971179962158,solid,sampled
02,Section 2,2,-1.4191744327545166,696.0,-1.4191744327545166,solid,sampled
02,Section 2,2,-1.4094032049179077,697.0,-1.4094032049179077,solid,sampled
02,Section 2,2,-1.4173223972320557,698.0,-1.4173223972320557,solid,sampled
02,Section 2,2,-1.408341407775879,699.0,-1.408341407775879,solid,sampled
02,Section 2,2,-1.4006757736206055,700.0,-1.4006757736206055,solid,sampled
02,Section 2,2,-1.4102869033813477,701.0,-1.4102869033813477,solid,sampled
02,Section 2,2,-1.406510353088379,702.0,-1.406510353088379,solid,sampled
02,Section 2,2,-1.4115605354309082,703.0,-1.4115605354309082,solid,sampled
02,Section 2,2,-1.4176225662231445,704.0,-1.4176225662231445,solid,sampled
02,Section 2,2,-1.4251775741577148,705.0,-1.4251775741577148,solid,sampled
02,Section 2,2,-1.4178880453109741,706.0,-1.4178880453109741,solid,sampled
02,Section 2,2,-1.4227534532546997,707.0,-1.4227534532546997,solid,sampled
02,Section 2,2,-1.4260386228561401,708.0,-1.4260386228561401,solid,sampled
02,Section 2,2,-1.4281730651855469,709.0,-1.4281730651855469,solid,sampled
02,Section 2,2,-1.441537618637085,710.0,-1.441537618637085,solid,sampled
02,Section 2,2,-1.4487806558609009,711.0,-1.4487806558609009,solid,sampled
02,Section 2,2,-1.4720628261566162,712.0,-1.4720628261566162,solid,sampled
02,Section 2,2,-1.4924869537353516,713.0,-1.4924869537353516,solid,sampled
02,Section 2,2,-1.4951245784759521,714.0,-1.4951245784759521,solid,sampled
02,Section 2,2,-1.4944463968276978,715.0,-1.4944463968276978,solid,sampled
02,Section 2,2,-1.505529522895813,716.0,-1.505529522895813,solid,sampled
02,Section 2,2,-1.5222588777542114,717.0,-1.5222588777542114,solid,sampled
02,Section 2,2,-1.540933609008789,718.0,-1.540933609008789,solid,sampled
02,Section 2,2,-1.5665318965911865,719.0,-1.5665318965911865,solid,sampled
02,Section 2,2,-1.5701450109481812,720.0,-1.5701450109481812,solid,sampled
02,Section 2,2,-1.584608793258667,721.0,-1.584608793258667,solid,sampled
02,Section 2,2,-1.580058217048645,722.0,-1.580058217048645,solid,sampled
02,Section 2,2,-1.5850694179534912,723.0,-1.5850694179534912,solid,sampled
02,Section 2,2,-1.578399658203125,724.0,-1.578399658203125,solid,sampled
02,Section 2,2,-1.6145213842391968,725.0,-1.6145213842391968,solid,sampled
02,Section 2,2,-1.62572181224823,726.0,-1.62572181224823,solid,sampled
02,Section 2,2,-1.6478463411331177,727.0,-1.6478463411331177,solid,sampled
02,Section 2,2,-1.6553277969360352,728.0,-1.6553277969360352,solid,sampled
02,Section 2,2,-1.6813749074935913,729.0,-1.6813749074935913,solid,sampled
02,Section 2,2,-1.6594747304916382,730.0,-1.6594747304916382,solid,sampled
02,Section 2,2,-1.7034645080566406,731.0,-1.7034645080566406,solid,sampled
02,Section 2,2,-1.6985268592834473,732.0,-1.6985268592834473,solid,sampled
02,Section 2,2,-1.7711718082427979,733.0,-1.7711718082427979,solid,sampled
02,Section 2,2,-1.9056065082550049,734.0,-1.9056065082550049,solid,sampled
02,Section 2,2,-1.9051380157470703,735.0,-1.9051380157470703,solid,sampled
02,Section 2,2,-1.7014869451522827,736.0,-1.7014869451522827,solid,sampled
02,Section 2,2,-2.0633280277252197,737.0,-2.0633280277252197,solid,sampled
02,Section 2,2,-1.8635059595108032,738.0,-1.8635059595108032,solid,sampled
02,Section 2,2,-1.8645973205566406,739.0,-1.8645973205566406,solid,sampled
02,Section 2,2,-1.9151629209518433,740.0,-1.9151629209518433,solid,sampled
02,Section 2,2,-2.041022777557373,741.0,-2.041022777557373,solid,sampled
02,Section 2,2,-2.2978672981262207,742.0,-2.2978672981262207,solid,sampled
02,Section 2,2,-2.092911720275879,743.0,-2.092911720275879,solid,sampled
02,Section 2,2,-2.341874837875366,744.0,-2.341874837875366,solid,sampled
02,Section 2,2,-2.6644797325134277,745.0,-2.6644797325134277,solid,sampled
02,Section 2,2,-3.0,746.0,-4.336856842041016,solid,water_floor
02,Section 2,2,-3.0,747.0,-3.1277902126312256,solid,water_floor
02,Section 2,2,-3.0,748.0,-6.263492107391357,solid,water_floor
02,Section 2,2,-2.6701033115386963,749.0,-2.6701033115386963,solid,sampled
02,Section 2,2,-3.0,750.0,-3.0022404193878174,solid,water_floor
02,Section 2,2,-2.8021697998046875,751.0,-2.8021697998046875,solid,sampled
02,Section 2,2,-3.0,752.0,-11.795552253723145,solid,water_floor
02,Section 2,2,-3.0,753.0,-4.182669639587402,solid,water_floor
02,Section 2,2,-3.0,754.0,-10.123973846435547,solid,water_floor
02,Section 2,2,-3.0,755.0,-16.464778900146484,solid,water_floor
02,Section 2,2,-3.0,756.0,-7.91889762878418,solid,water_floor
02,Section 2,2,-3.0,757.0,-5.322257041931152,solid,water_floor
02,Section 2,2,-3.0,758.0,-3.027763843536377,solid,water_floor
02,Section 2,2,-3.0,759.0,-8.22636890411377,solid,water_floor
02,Section 2,2,-3.0,760.0,-13.114065170288086,solid,water_floor
02,Section 2,2,-3.0,761.0,-21.462726593017578,solid,water_floor
02,Section 2,2,-3.0,762.0,-18.989465713500977,solid,water_floor
02,Section 2,2,-3.0,763.0,-20.94219207763672,solid,water_floor
02,Section 2,2,-3.0,764.0,-6.964982986450195,solid,water_floor
02,Section 2,2,-3.0,765.0,-24.6838321685791,solid,water_floor
02,Section 2,2,-3.0,766.0,-36.19508361816406,solid,water_floor
02,Section 2,2,-3.0,767.0,-15.907896041870117,solid,water_floor
02,Section 2,2,-3.0,768.0,-48.30164337158203,solid,water_floor
02,Section 2,2,-3.0,769.0,-44.639774322509766,solid,water_floor
02,Section 2,2,-3.0,770.0,-40.8736686706543,solid,water_floor
02,Section 2,2,-3.0,771.0,-48.69856262207031,solid,water_floor
02,Section 2,2,-3.0,772.0,-38.03632354736328,solid,water_floor
02,Section 2,2,-3.0,773.0,-42.52716827392578,solid,water_floor
02,Section 2,2,-3.0,774.0,-59.271018981933594,solid,water_floor
02,Section 2,2,-3.0,775.0,-43.148441314697266,solid,water_floor
02,Section 2,2,-3.0,776.0,-60.032325744628906,solid,water_floor
02,Section 2,2,-3.0,777.0,-44.59540939331055,solid,water_floor
02,Section 2,2,-3.0,778.0,-42.2049560546875,solid,water_floor
02,Section 2,2,-3.0,779.0,-46.88483428955078,solid,water_floor
02,Section 2,2,-3.0,780.0,-54.5089225769043,solid,water_floor
02,Section 2,2,-3.0,781.0,-53.03023147583008,solid,water_floor
02,Section 2,2,-3.0,782.0,-49.49217224121094,solid,water_floor
02,Section 2,2,-3.0,783.0,-37.11637878417969,solid,water_floor
02,Section 2,2,-3.0,784.0,-39.975730895996094,solid,water_floor
02,Section 2,2,-3.0,785.0,-52.31969451904297,solid,water_floor
02,Section 2,2,-3.0,786.0,-47.50037384033203,solid,water_floor
02,Section 2,2,-3.0,787.0,-45.337554931640625,solid,water_floor
02,Section 2,2,-3.0,788.0,-48.21666717529297,solid,water_floor
02,Section 2,2,-3.0,789.0,-62.55194091796875,solid,water_floor
02,Section 2,2,-3.0,790.0,-59.15503692626953,solid,water_floor
02,Section 2,2,-3.0,791.0,-56.434288024902344,solid,water_floor
02,Section 2,2,-2.1444084644317627,792.0,-2.1444084644317627,solid,sampled
02,Section 2,2,-3.0,793.0,-6.375079154968262,solid,water_floor
02,Section 2,2,-2.3578102588653564,794.0,-2.3578102588653564,solid,sampled
02,Section 2,2,-3.0,795.0,-22.447532653808594,solid,water_floor
02,Section 2,2,-3.0,796.0,-20.121307373046875,solid,water_floor
02,Section 2,2,-3.0,797.0,-28.461397171020508,solid,water_floor
02,Section 2,2,-3.0,798.0,-8.847879409790039,solid,water_floor
02,Section 2,2,-3.0,799.0,-17.576480865478516,solid,water_floor
02,Section 2,2,0.0,800.0,,dotted,null_fill
02,Section 2,2,0.0,801.0,,dotted,null_fill
02,Section 2,2,0.0,802.0,,dotted,null_fill
02,Section 2,2,0.0,803.0,,dotted,null_fill
02,Section 2,2,0.0,804.0,,dotted,null_fill
02,Section 2,2,0.0,805.0,,dotted,null_fill
02,Section 2,2,0.0,806.0,,dotted,null_fill
02,Section 2,2,0.0,807.0,,dotted,null_fill
02,Section 2,2,0.0,808.0,,dotted,null_fill
02,Section 2,2,0.0,809.0,,dotted,null_fill
02,Section 2,2,0.0,810.0,,dotted,null_fill
02,Section 2,2,0.0,811.0,,dotted,null_fill
02,Section 2,2,0.0,812.0,,dotted,null_fill
02,Section 2,2,0.0,813.0,,dotted,null_fill
02,Section 2,2,0.0,814.0,,dotted,null_fill
02,Section 2,2,0.0,815.0,,dotted,null_fill
02,Section 2,2,0.0,816.0,,dotted,null_fill
02,Section 2,2,0.0,817.0,,dotted,null_fill
02,Section 2,2,0.0,818.0,,dotted,null_fill
02,Section 2,2,0.0,818.21036,,dotted,null_fill
03,Section 3,3,0.0,0.0,,dotted,null_fill
03,Section 3,3,0.0,1.0,,dotted,null_fill
03,Section 3,3,0.0,2.0,,dotted,null_fill
03,Section 3,3,0.0,3.0,,dotted,null_fill
03,Section 3,3,0.0,4.0,,dotted,null_fill
03,Section 3,3,0.0,5.0,,dotted,null_fill
03,Section 3,3,0.0,6.0,,dotted,null_fill
03,Section 3,3,0.0,7.0,,dotted,null_fill
03,Section 3,3,0.0,8.0,,dotted,null_fill
03,Section 3,3,0.0,9.0,,dotted,null_fill
03,Section 3,3,0.0,10.0,,dotted,null_fill
03,Section 3,3,0.0,11.0,,dotted,null_fill
03,Section 3,3,0.0,12.0,,dotted,null_fill
03,Section 3,3,0.0,13.0,,dotted,null_fill
03,Section 3,3,0.0,14.0,,dotted,null_fill
03,Section 3,3,0.0,15.0,,dotted,null_fill
03,Section 3,3,0.0,16.0,,dotted,null_fill
03,Section 3,3,0.0,17.0,,dotted,null_fill
03,Section 3,3,0.0,18.0,,dotted,null_fill
03,Section 3,3,0.0,19.0,,dotted,null_fill
03,Section 3,3,0.0,20.0,,dotted,null_fill
03,Section 3,3,0.0,21.0,,dotted,null_fill
03,Section 3,3,0.0,22.0,,dotted,null_fill
03,Section 3,3,0.0,23.0,,dotted,null_fill
03,Section 3,3,3.6031625270843506,24.0,3.6031625270843506,solid,sampled
03,Section 3,3,3.610182523727417,25.0,3.610182523727417,solid,sampled
03,Section 3,3,3.627133846282959,26.0,3.627133846282959,solid,sampled
03,Section 3,3,3.6352009773254395,27.0,3.6352009773254395,solid,sampled
03,Section 3,3,3.638667345046997,28.0,3.638667345046997,solid,sampled
03,Section 3,3,3.6533050537109375,29.0,3.6533050537109375,solid,sampled
03,Section 3,3,3.654973030090332,30.0,3.654973030090332,solid,sampled
03,Section 3,3,3.6485583782196045,31.0,3.6485583782196045,solid,sampled
03,Section 3,3,3.655773639678955,32.0,3.655773639678955,solid,sampled
03,Section 3,3,3.6640639305114746,33.0,3.6640639305114746,solid,sampled
03,Section 3,3,3.6647915840148926,34.0,3.6647915840148926,solid,sampled
03,Section 3,3,3.676661729812622,35.0,3.676661729812622,solid,sampled
03,Section 3,3,3.6823601722717285,36.0,3.6823601722717285,solid,sampled
03,Section 3,3,3.688441038131714,37.0,3.688441038131714,solid,sampled
03,Section 3,3,3.7060179710388184,38.0,3.7060179710388184,solid,sampled
03,Section 3,3,3.703587055206299,39.0,3.703587055206299,solid,sampled
03,Section 3,3,3.7136189937591553,40.0,3.7136189937591553,solid,sampled
03,Section 3,3,3.7153055667877197,41.0,3.7153055667877197,solid,sampled
03,Section 3,3,3.713657855987549,42.0,3.713657855987549,solid,sampled
03,Section 3,3,3.717510938644409,43.0,3.717510938644409,solid,sampled
03,Section 3,3,3.7174062728881836,44.0,3.7174062728881836,solid,sampled
03,Section 3,3,3.7254974842071533,45.0,3.7254974842071533,solid,sampled
03,Section 3,3,3.7313430309295654,46.0,3.7313430309295654,solid,sampled
03,Section 3,3,3.732555866241455,47.0,3.732555866241455,solid,sampled
03,Section 3,3,3.735058307647705,48.0,3.735058307647705,solid,sampled
03,Section 3,3,3.7415452003479004,49.0,3.7415452003479004,solid,sampled
03,Section 3,3,3.7641725540161133,50.0,3.7641725540161133,solid,sampled
03,Section 3,3,3.7907555103302,51.0,3.7907555103302,solid,sampled
03,Section 3,3,3.811699867248535,52.0,3.811699867248535,solid,sampled
03,Section 3,3,3.8399593830108643,53.0,3.8399593830108643,solid,sampled
03,Section 3,3,3.8831725120544434,54.0,3.8831725120544434,solid,sampled
03,Section 3,3,3.925269365310669,55.0,3.925269365310669,solid,sampled
03,Section 3,3,3.9640302658081055,56.0,3.9640302658081055,solid,sampled
03,Section 3,3,4.001649856567383,57.0,4.001649856567383,solid,sampled
03,Section 3,3,4.032299518585205,58.0,4.032299518585205,solid,sampled
03,Section 3,3,4.055362701416016,59.0,4.055362701416016,solid,sampled
03,Section 3,3,4.083234786987305,60.0,4.083234786987305,solid,sampled
03,Section 3,3,4.106504440307617,61.0,4.106504440307617,solid,sampled
03,Section 3,3,4.135653018951416,62.0,4.135653018951416,solid,sampled
03,Section 3,3,4.150293350219727,63.0,4.150293350219727,solid,sampled
03,Section 3,3,4.1669206619262695,64.0,4.1669206619262695,solid,sampled
03,Section 3,3,4.178484916687012,65.0,4.178484916687012,solid,sampled
03,Section 3,3,4.186461925506592,66.0,4.186461925506592,solid,sampled
03,Section 3,3,4.20271110534668,67.0,4.20271110534668,solid,sampled
03,Section 3,3,4.213496208190918,68.0,4.213496208190918,solid,sampled
03,Section 3,3,4.220089435577393,69.0,4.220089435577393,solid,sampled
03,Section 3,3,4.222250938415527,70.0,4.222250938415527,solid,sampled
03,Section 3,3,4.220503807067871,71.0,4.220503807067871,solid,sampled
03,Section 3,3,4.232039928436279,72.0,4.232039928436279,solid,sampled
03,Section 3,3,4.226524829864502,73.0,4.226524829864502,solid,sampled
03,Section 3,3,4.232044219970703,74.0,4.232044219970703,solid,sampled
03,Section 3,3,4.23211669921875,75.0,4.23211669921875,solid,sampled
03,Section 3,3,4.218929767608643,76.0,4.218929767608643,solid,sampled
03,Section 3,3,4.216407775878906,77.0,4.216407775878906,solid,sampled
03,Section 3,3,4.217940330505371,78.0,4.217940330505371,solid,sampled
03,Section 3,3,4.223746299743652,79.0,4.223746299743652,solid,sampled
03,Section 3,3,4.23273229598999,80.0,4.23273229598999,solid,sampled
03,Section 3,3,4.24064826965332,81.0,4.24064826965332,solid,sampled
03,Section 3,3,4.248042583465576,82.0,4.248042583465576,solid,sampled
03,Section 3,3,4.247797966003418,83.0,4.247797966003418,solid,sampled
03,Section 3,3,4.256610870361328,84.0,4.256610870361328,solid,sampled
03,Section 3,3,4.256108283996582,85.0,4.256108283996582,solid,sampled
03,Section 3,3,4.250600814819336,86.0,4.250600814819336,solid,sampled
03,Section 3,3,4.245793342590332,87.0,4.245793342590332,solid,sampled
03,Section 3,3,4.2498860359191895,88.0,4.2498860359191895,solid,sampled
03,Section 3,3,4.254207611083984,89.0,4.254207611083984,solid,sampled
03,Section 3,3,4.252015113830566,90.0,4.252015113830566,solid,sampled
03,Section 3,3,4.2577619552612305,91.0,4.2577619552612305,solid,sampled
03,Section 3,3,4.275579452514648,92.0,4.275579452514648,solid,sampled
03,Section 3,3,4.301510810852051,93.0,4.301510810852051,solid,sampled
03,Section 3,3,4.2894439697265625,94.0,4.2894439697265625,solid,sampled
03,Section 3,3,4.275188446044922,95.0,4.275188446044922,solid,sampled
03,Section 3,3,4.282022476196289,96.0,4.282022476196289,solid,sampled
03,Section 3,3,4.271720886230469,97.0,4.271720886230469,solid,sampled
03,Section 3,3,4.287747383117676,98.0,4.287747383117676,solid,sampled
03,Section 3,3,4.313636779785156,99.0,4.313636779785156,solid,sampled
03,Section 3,3,4.2927470207214355,100.0,4.2927470207214355,solid,sampled
03,Section 3,3,4.2827911376953125,101.0,4.2827911376953125,solid,sampled
03,Section 3,3,4.286625385284424,102.0,4.286625385284424,solid,sampled
03,Section 3,3,4.280817985534668,103.0,4.280817985534668,solid,sampled
03,Section 3,3,4.280953884124756,104.0,4.280953884124756,solid,sampled
03,Section 3,3,4.279353141784668,105.0,4.279353141784668,solid,sampled
03,Section 3,3,4.2717390060424805,106.0,4.2717390060424805,solid,sampled
03,Section 3,3,4.269941329956055,107.0,4.269941329956055,solid,sampled
03,Section 3,3,4.274809837341309,108.0,4.274809837341309,solid,sampled
03,Section 3,3,4.26116418838501,109.0,4.26116418838501,solid,sampled
03,Section 3,3,4.249146461486816,110.0,4.249146461486816,solid,sampled
03,Section 3,3,4.223694324493408,111.0,4.223694324493408,solid,sampled
03,Section 3,3,4.200624465942383,112.0,4.200624465942383,solid,sampled
03,Section 3,3,4.174779891967773,113.0,4.174779891967773,solid,sampled
03,Section 3,3,4.142681121826172,114.0,4.142681121826172,solid,sampled
03,Section 3,3,4.105408668518066,115.0,4.105408668518066,solid,sampled
03,Section 3,3,4.069580078125,116.0,4.069580078125,solid,sampled
03,Section 3,3,4.033331871032715,117.0,4.033331871032715,solid,sampled
03,Section 3,3,3.9876253604888916,118.0,3.9876253604888916,solid,sampled
03,Section 3,3,3.9402127265930176,119.0,3.9402127265930176,solid,sampled
03,Section 3,3,3.8949387073516846,120.0,3.8949387073516846,solid,sampled
03,Section 3,3,3.8660566806793213,121.0,3.8660566806793213,solid,sampled
03,Section 3,3,3.8363168239593506,122.0,3.8363168239593506,solid,sampled
03,Section 3,3,3.8289830684661865,123.0,3.8289830684661865,solid,sampled
03,Section 3,3,3.839207649230957,124.0,3.839207649230957,solid,sampled
03,Section 3,3,3.8505947589874268,125.0,3.8505947589874268,solid,sampled
03,Section 3,3,3.853423833847046,126.0,3.853423833847046,solid,sampled
03,Section 3,3,3.7826411724090576,127.0,3.7826411724090576,solid,sampled
03,Section 3,3,3.7034788131713867,128.0,3.7034788131713867,solid,sampled
03,Section 3,3,3.6297504901885986,129.0,3.6297504901885986,solid,sampled
03,Section 3,3,3.5823726654052734,130.0,3.5823726654052734,solid,sampled
03,Section 3,3,3.520764112472534,131.0,3.520764112472534,solid,sampled
03,Section 3,3,3.4013211727142334,132.0,3.4013211727142334,solid,sampled
03,Section 3,3,3.2948038578033447,133.0,3.2948038578033447,solid,sampled
03,Section 3,3,3.1832382678985596,134.0,3.1832382678985596,solid,sampled
03,Section 3,3,3.081371307373047,135.0,3.081371307373047,solid,sampled
03,Section 3,3,2.9878554344177246,136.0,2.9878554344177246,solid,sampled
03,Section 3,3,2.8788249492645264,137.0,2.8788249492645264,solid,sampled
03,Section 3,3,2.786188840866089,138.0,2.786188840866089,solid,sampled
03,Section 3,3,2.682647943496704,139.0,2.682647943496704,solid,sampled
03,Section 3,3,2.5834219455718994,140.0,2.5834219455718994,solid,sampled
03,Section 3,3,2.5038814544677734,141.0,2.5038814544677734,solid,sampled
03,Section 3,3,2.3925304412841797,142.0,2.3925304412841797,solid,sampled
03,Section 3,3,2.3003463745117188,143.0,2.3003463745117188,solid,sampled
03,Section 3,3,2.2191989421844482,144.0,2.2191989421844482,solid,sampled
03,Section 3,3,2.1454946994781494,145.0,2.1454946994781494,solid,sampled
03,Section 3,3,2.0854074954986572,146.0,2.0854074954986572,solid,sampled
03,Section 3,3,2.025451898574829,147.0,2.025451898574829,solid,sampled
03,Section 3,3,1.9473628997802734,148.0,1.9473628997802734,solid,sampled
03,Section 3,3,1.8777647018432617,149.0,1.8777647018432617,solid,sampled
03,Section 3,3,1.8195877075195312,150.0,1.8195877075195312,solid,sampled
03,Section 3,3,1.7597808837890625,151.0,1.7597808837890625,solid,sampled
03,Section 3,3,1.6986843347549438,152.0,1.6986843347549438,solid,sampled
03,Section 3,3,1.6469695568084717,153.0,1.6469695568084717,solid,sampled
03,Section 3,3,1.5935438871383667,154.0,1.5935438871383667,solid,sampled
03,Section 3,3,1.5641634464263916,155.0,1.5641634464263916,solid,sampled
03,Section 3,3,1.5246448516845703,156.0,1.5246448516845703,solid,sampled
03,Section 3,3,1.4960622787475586,157.0,1.4960622787475586,solid,sampled
03,Section 3,3,1.4744952917099,158.0,1.4744952917099,solid,sampled
03,Section 3,3,1.4546833038330078,159.0,1.4546833038330078,solid,sampled
03,Section 3,3,1.434896469116211,160.0,1.434896469116211,solid,sampled
03,Section 3,3,1.4136806726455688,161.0,1.4136806726455688,solid,sampled
03,Section 3,3,1.4093482494354248,162.0,1.4093482494354248,solid,sampled
03,Section 3,3,1.388718843460083,163.0,1.388718843460083,solid,sampled
03,Section 3,3,1.3753572702407837,164.0,1.3753572702407837,solid,sampled
03,Section 3,3,1.360840082168579,165.0,1.360840082168579,solid,sampled
03,Section 3,3,1.3258323669433594,166.0,1.3258323669433594,solid,sampled
03,Section 3,3,1.3100228309631348,167.0,1.3100228309631348,solid,sampled
03,Section 3,3,1.3058624267578125,168.0,1.3058624267578125,solid,sampled
03,Section 3,3,1.2895848751068115,169.0,1.2895848751068115,solid,sampled
03,Section 3,3,1.263485312461853,170.0,1.263485312461853,solid,sampled
03,Section 3,3,1.2434170246124268,171.0,1.2434170246124268,solid,sampled
03,Section 3,3,1.2110352516174316,172.0,1.2110352516174316,solid,sampled
03,Section 3,3,1.1896501779556274,173.0,1.1896501779556274,solid,sampled
03,Section 3,3,1.1761430501937866,174.0,1.1761430501937866,solid,sampled
03,Section 3,3,1.1541773080825806,175.0,1.1541773080825806,solid,sampled
03,Section 3,3,1.1292181015014648,176.0,1.1292181015014648,solid,sampled
03,Section 3,3,1.103344202041626,177.0,1.103344202041626,solid,sampled
03,Section 3,3,1.081596851348877,178.0,1.081596851348877,solid,sampled
03,Section 3,3,1.0582926273345947,179.0,1.0582926273345947,solid,sampled
03,Section 3,3,1.0370023250579834,180.0,1.0370023250579834,solid,sampled
03,Section 3,3,1.0117255449295044,181.0,1.0117255449295044,solid,sampled
03,Section 3,3,0.9859475493431091,182.0,0.9859475493431091,solid,sampled
03,Section 3,3,0.9573220014572144,183.0,0.9573220014572144,solid,sampled
03,Section 3,3,0.9321413040161133,184.0,0.9321413040161133,solid,sampled
03,Section 3,3,0.8990465998649597,185.0,0.8990465998649597,solid,sampled
03,Section 3,3,0.8659142255783081,186.0,0.8659142255783081,solid,sampled
03,Section 3,3,0.8366913795471191,187.0,0.8366913795471191,solid,sampled
03,Section 3,3,0.7983089089393616,188.0,0.7983089089393616,solid,sampled
03,Section 3,3,0.7694382071495056,189.0,0.7694382071495056,solid,sampled
03,Section 3,3,0.7371447086334229,190.0,0.7371447086334229,solid,sampled
03,Section 3,3,0.710918664932251,191.0,0.710918664932251,solid,sampled
03,Section 3,3,0.667691707611084,192.0,0.667691707611084,solid,sampled
03,Section 3,3,0.6424462795257568,193.0,0.6424462795257568,solid,sampled
03,Section 3,3,0.614282488822937,194.0,0.614282488822937,solid,sampled
03,Section 3,3,0.5766021609306335,195.0,0.5766021609306335,solid,sampled
03,Section 3,3,0.5448812246322632,196.0,0.5448812246322632,solid,sampled
03,Section 3,3,0.5158275365829468,197.0,0.5158275365829468,solid,sampled
03,Section 3,3,0.4726479947566986,198.0,0.4726479947566986,solid,sampled
03,Section 3,3,0.4195222556591034,199.0,0.4195222556591034,solid,sampled
03,Section 3,3,0.2929594814777374,200.0,0.2929594814777374,solid,sampled
03,Section 3,3,0.06956857442855835,201.0,0.06956857442855835,solid,sampled
03,Section 3,3,0.05397605895996094,202.0,0.05397605895996094,solid,sampled
03,Section 3,3,0.081297367811203,203.0,0.081297367811203,solid,sampled
03,Section 3,3,0.09787275642156601,204.0,0.09787275642156601,solid,sampled
03,Section 3,3,0.11259175837039948,205.0,0.11259175837039948,solid,sampled
03,Section 3,3,0.11651715636253357,206.0,0.11651715636253357,solid,sampled
03,Section 3,3,0.1290256828069687,207.0,0.1290256828069687,solid,sampled
03,Section 3,3,0.14178058505058289,208.0,0.14178058505058289,solid,sampled
03,Section 3,3,0.14391174912452698,209.0,0.14391174912452698,solid,sampled
03,Section 3,3,0.06619501113891602,210.0,0.06619501113891602,solid,sampled
03,Section 3,3,0.11097276210784912,211.0,0.11097276210784912,solid,sampled
03,Section 3,3,0.12531211972236633,212.0,0.12531211972236633,solid,sampled
03,Section 3,3,0.11497864127159119,213.0,0.11497864127159119,solid,sampled
03,Section 3,3,0.09818707406520844,214.0,0.09818707406520844,solid,sampled
03,Section 3,3,0.10736358165740967,215.0,0.10736358165740967,solid,sampled
03,Section 3,3,0.0874941498041153,216.0,0.0874941498041153,solid,sampled
03,Section 3,3,0.08180662989616394,217.0,0.08180662989616394,solid,sampled
03,Section 3,3,0.07259988784790039,218.0,0.07259988784790039,solid,sampled
03,Section 3,3,0.07649248838424683,219.0,0.07649248838424683,solid,sampled
03,Section 3,3,0.38538384437561035,220.0,0.38538384437561035,solid,sampled
03,Section 3,3,0.6442874670028687,221.0,0.6442874670028687,solid,sampled
03,Section 3,3,0.7594664096832275,222.0,0.7594664096832275,solid,sampled
03,Section 3,3,0.8585683703422546,223.0,0.8585683703422546,solid,sampled
03,Section 3,3,0.9327561855316162,224.0,0.9327561855316162,solid,sampled
03,Section 3,3,0.9692042469978333,225.0,0.9692042469978333,solid,sampled
03,Section 3,3,0.9928761124610901,226.0,0.9928761124610901,solid,sampled
03,Section 3,3,0.9992772936820984,227.0,0.9992772936820984,solid,sampled
03,Section 3,3,1.0222582817077637,228.0,1.0222582817077637,solid,sampled
03,Section 3,3,1.0177667140960693,229.0,1.0177667140960693,solid,sampled
03,Section 3,3,1.0290504693984985,230.0,1.0290504693984985,solid,sampled
03,Section 3,3,1.0369460582733154,231.0,1.0369460582733154,solid,sampled
03,Section 3,3,1.0526129007339478,232.0,1.0526129007339478,solid,sampled
03,Section 3,3,1.0624489784240723,233.0,1.0624489784240723,solid,sampled
03,Section 3,3,1.0595425367355347,234.0,1.0595425367355347,solid,sampled
03,Section 3,3,1.060912013053894,235.0,1.060912013053894,solid,sampled
03,Section 3,3,1.075445294380188,236.0,1.075445294380188,solid,sampled
03,Section 3,3,1.0721648931503296,237.0,1.0721648931503296,solid,sampled
03,Section 3,3,1.0655345916748047,238.0,1.0655345916748047,solid,sampled
03,Section 3,3,1.0712347030639648,239.0,1.0712347030639648,solid,sampled
03,Section 3,3,1.0715168714523315,240.0,1.0715168714523315,solid,sampled
03,Section 3,3,1.0715241432189941,241.0,1.0715241432189941,solid,sampled
03,Section 3,3,1.075569987297058,242.0,1.075569987297058,solid,sampled
03,Section 3,3,1.0746371746063232,243.0,1.0746371746063232,solid,sampled
03,Section 3,3,1.0689172744750977,244.0,1.0689172744750977,solid,sampled
03,Section 3,3,1.0696744918823242,245.0,1.0696744918823242,solid,sampled
03,Section 3,3,1.0610246658325195,246.0,1.0610246658325195,solid,sampled
03,Section 3,3,1.0459256172180176,247.0,1.0459256172180176,solid,sampled
03,Section 3,3,1.0512927770614624,248.0,1.0512927770614624,solid,sampled
03,Section 3,3,1.0436841249465942,249.0,1.0436841249465942,solid,sampled
03,Section 3,3,1.0476446151733398,250.0,1.0476446151733398,solid,sampled
03,Section 3,3,1.0403952598571777,251.0,1.0403952598571777,solid,sampled
03,Section 3,3,1.0387519598007202,252.0,1.0387519598007202,solid,sampled
03,Section 3,3,1.0229631662368774,253.0,1.0229631662368774,solid,sampled
03,Section 3,3,1.022530198097229,254.0,1.022530198097229,solid,sampled
03,Section 3,3,1.0242009162902832,255.0,1.0242009162902832,solid,sampled
03,Section 3,3,1.0182996988296509,256.0,1.0182996988296509,solid,sampled
03,Section 3,3,1.0137054920196533,257.0,1.0137054920196533,solid,sampled
03,Section 3,3,1.0132683515548706,258.0,1.0132683515548706,solid,sampled
03,Section 3,3,1.0083061456680298,259.0,1.0083061456680298,solid,sampled
03,Section 3,3,1.0051674842834473,260.0,1.0051674842834473,solid,sampled
03,Section 3,3,1.0050643682479858,261.0,1.0050643682479858,solid,sampled
03,Section 3,3,1.003011703491211,262.0,1.003011703491211,solid,sampled
03,Section 3,3,1.0016498565673828,263.0,1.0016498565673828,solid,sampled
03,Section 3,3,0.9881934523582458,264.0,0.9881934523582458,solid,sampled
03,Section 3,3,0.9758089780807495,265.0,0.9758089780807495,solid,sampled
03,Section 3,3,0.985033392906189,266.0,0.985033392906189,solid,sampled
03,Section 3,3,0.970964789390564,267.0,0.970964789390564,solid,sampled
03,Section 3,3,0.9659609794616699,268.0,0.9659609794616699,solid,sampled
03,Section 3,3,0.9634273648262024,269.0,0.9634273648262024,solid,sampled
03,Section 3,3,0.9474118947982788,270.0,0.9474118947982788,solid,sampled
03,Section 3,3,0.9451810121536255,271.0,0.9451810121536255,solid,sampled
03,Section 3,3,0.9360294342041016,272.0,0.9360294342041016,solid,sampled
03,Section 3,3,0.9297902584075928,273.0,0.9297902584075928,solid,sampled
03,Section 3,3,0.9297983646392822,274.0,0.9297983646392822,solid,sampled
03,Section 3,3,0.9223589897155762,275.0,0.9223589897155762,solid,sampled
03,Section 3,3,0.9188686609268188,276.0,0.9188686609268188,solid,sampled
03,Section 3,3,0.9075897336006165,277.0,0.9075897336006165,solid,sampled
03,Section 3,3,0.8953138589859009,278.0,0.8953138589859009,solid,sampled
03,Section 3,3,0.8906541466712952,279.0,0.8906541466712952,solid,sampled
03,Section 3,3,0.879360556602478,280.0,0.879360556602478,solid,sampled
03,Section 3,3,0.8705575466156006,281.0,0.8705575466156006,solid,sampled
03,Section 3,3,0.8464541435241699,282.0,0.8464541435241699,solid,sampled
03,Section 3,3,0.8568407297134399,283.0,0.8568407297134399,solid,sampled
03,Section 3,3,0.8437676429748535,284.0,0.8437676429748535,solid,sampled
03,Section 3,3,0.8434838652610779,285.0,0.8434838652610779,solid,sampled
03,Section 3,3,0.8413729667663574,286.0,0.8413729667663574,solid,sampled
03,Section 3,3,0.8427191972732544,287.0,0.8427191972732544,solid,sampled
03,Section 3,3,0.8191242218017578,288.0,0.8191242218017578,solid,sampled
03,Section 3,3,0.8115372061729431,289.0,0.8115372061729431,solid,sampled
03,Section 3,3,0.8138529062271118,290.0,0.8138529062271118,solid,sampled
03,Section 3,3,0.8019325137138367,291.0,0.8019325137138367,solid,sampled
03,Section 3,3,0.792218804359436,292.0,0.792218804359436,solid,sampled
03,Section 3,3,0.7780826091766357,293.0,0.7780826091766357,solid,sampled
03,Section 3,3,0.7984815239906311,294.0,0.7984815239906311,solid,sampled
03,Section 3,3,0.754792332649231,295.0,0.754792332649231,solid,sampled
03,Section 3,3,0.7434132695198059,296.0,0.7434132695198059,solid,sampled
03,Section 3,3,0.7259447574615479,297.0,0.7259447574615479,solid,sampled
03,Section 3,3,0.7211633324623108,298.0,0.7211633324623108,solid,sampled
03,Section 3,3,0.7066323757171631,299.0,0.7066323757171631,solid,sampled
03,Section 3,3,0.7014400959014893,300.0,0.7014400959014893,solid,sampled
03,Section 3,3,0.7017741203308105,301.0,0.7017741203308105,solid,sampled
03,Section 3,3,0.6968567371368408,302.0,0.6968567371368408,solid,sampled
03,Section 3,3,0.6735759973526001,303.0,0.6735759973526001,solid,sampled
03,Section 3,3,0.6740907430648804,304.0,0.6740907430648804,solid,sampled
03,Section 3,3,0.666474461555481,305.0,0.666474461555481,solid,sampled
03,Section 3,3,0.6526679992675781,306.0,0.6526679992675781,solid,sampled
03,Section 3,3,0.6418471932411194,307.0,0.6418471932411194,solid,sampled
03,Section 3,3,0.6395858526229858,308.0,0.6395858526229858,solid,sampled
03,Section 3,3,0.5891968011856079,309.0,0.5891968011856079,solid,sampled
03,Section 3,3,0.5956862568855286,310.0,0.5956862568855286,solid,sampled
03,Section 3,3,0.5779612064361572,311.0,0.5779612064361572,solid,sampled
03,Section 3,3,0.5740684270858765,312.0,0.5740684270858765,solid,sampled
03,Section 3,3,0.5808370113372803,313.0,0.5808370113372803,solid,sampled
03,Section 3,3,0.5420427322387695,314.0,0.5420427322387695,solid,sampled
03,Section 3,3,0.5222770571708679,315.0,0.5222770571708679,solid,sampled
03,Section 3,3,0.511035680770874,316.0,0.511035680770874,solid,sampled
03,Section 3,3,0.4883309304714203,317.0,0.4883309304714203,solid,sampled
03,Section 3,3,0.4844263195991516,318.0,0.4844263195991516,solid,sampled
03,Section 3,3,0.48000913858413696,319.0,0.48000913858413696,solid,sampled
03,Section 3,3,0.4637193977832794,320.0,0.4637193977832794,solid,sampled
03,Section 3,3,0.4438733756542206,321.0,0.4438733756542206,solid,sampled
03,Section 3,3,0.43925124406814575,322.0,0.43925124406814575,solid,sampled
03,Section 3,3,0.4331912100315094,323.0,0.4331912100315094,solid,sampled
03,Section 3,3,0.4148479402065277,324.0,0.4148479402065277,solid,sampled
03,Section 3,3,0.3997196555137634,325.0,0.3997196555137634,solid,sampled
03,Section 3,3,0.38550907373428345,326.0,0.38550907373428345,solid,sampled
03,Section 3,3,0.3837891221046448,327.0,0.3837891221046448,solid,sampled
03,Section 3,3,0.37640380859375,328.0,0.37640380859375,solid,sampled
03,Section 3,3,0.36345750093460083,329.0,0.36345750093460083,solid,sampled
03,Section 3,3,0.34059321880340576,330.0,0.34059321880340576,solid,sampled
03,Section 3,3,0.3424915075302124,331.0,0.3424915075302124,solid,sampled
03,Section 3,3,0.3442348837852478,332.0,0.3442348837852478,solid,sampled
03,Section 3,3,0.3283478617668152,333.0,0.3283478617668152,solid,sampled
03,Section 3,3,0.3251987099647522,334.0,0.3251987099647522,solid,sampled
03,Section 3,3,0.31707334518432617,335.0,0.31707334518432617,solid,sampled
03,Section 3,3,0.30539101362228394,336.0,0.30539101362228394,solid,sampled
03,Section 3,3,0.2877252697944641,337.0,0.2877252697944641,solid,sampled
03,Section 3,3,0.2784219980239868,338.0,0.2784219980239868,solid,sampled
03,Section 3,3,0.2677757740020752,339.0,0.2677757740020752,solid,sampled
03,Section 3,3,0.2640714645385742,340.0,0.2640714645385742,solid,sampled
03,Section 3,3,0.24538636207580566,341.0,0.24538636207580566,solid,sampled
03,Section 3,3,0.24047964811325073,342.0,0.24047964811325073,solid,sampled
03,Section 3,3,0.2301364243030548,343.0,0.2301364243030548,solid,sampled
03,Section 3,3,0.20674477517604828,344.0,0.20674477517604828,solid,sampled
03,Section 3,3,0.21085399389266968,345.0,0.21085399389266968,solid,sampled
03,Section 3,3,0.20261427760124207,346.0,0.20261427760124207,solid,sampled
03,Section 3,3,0.19984857738018036,347.0,0.19984857738018036,solid,sampled
03,Section 3,3,0.1817413568496704,348.0,0.1817413568496704,solid,sampled
03,Section 3,3,0.17461323738098145,349.0,0.17461323738098145,solid,sampled
03,Section 3,3,0.1699742078781128,350.0,0.1699742078781128,solid,sampled
03,Section 3,3,0.15261125564575195,351.0,0.15261125564575195,solid,sampled
03,Section 3,3,0.143227219581604,352.0,0.143227219581604,solid,sampled
03,Section 3,3,0.1329028457403183,353.0,0.1329028457403183,solid,sampled
03,Section 3,3,0.12100701034069061,354.0,0.12100701034069061,solid,sampled
03,Section 3,3,0.09831614792346954,355.0,0.09831614792346954,solid,sampled
03,Section 3,3,0.076581209897995,356.0,0.076581209897995,solid,sampled
03,Section 3,3,0.060083627700805664,357.0,0.060083627700805664,solid,sampled
03,Section 3,3,0.05549609661102295,358.0,0.05549609661102295,solid,sampled
03,Section 3,3,0.044200628995895386,359.0,0.044200628995895386,solid,sampled
03,Section 3,3,0.03627002239227295,360.0,0.03627002239227295,solid,sampled
03,Section 3,3,0.022833019495010376,361.0,0.022833019495010376,solid,sampled
03,Section 3,3,0.021262437105178833,362.0,0.021262437105178833,solid,sampled
03,Section 3,3,0.011172853410243988,363.0,0.011172853410243988,solid,sampled
03,Section 3,3,0.0019889026880264282,364.0,0.0019889026880264282,solid,sampled
03,Section 3,3,-0.007037915289402008,365.0,-0.007037915289402008,solid,sampled
03,Section 3,3,-0.018124185502529144,366.0,-0.018124185502529144,solid,sampled
03,Section 3,3,-0.02370160073041916,367.0,-0.02370160073041916,solid,sampled
03,Section 3,3,-0.03690711408853531,368.0,-0.03690711408853531,solid,sampled
03,Section 3,3,-0.03192640095949173,369.0,-0.03192640095949173,solid,sampled
03,Section 3,3,-0.051908403635025024,370.0,-0.051908403635025024,solid,sampled
03,Section 3,3,-0.058902889490127563,371.0,-0.058902889490127563,solid,sampled
03,Section 3,3,-0.06492632627487183,372.0,-0.06492632627487183,solid,sampled
03,Section 3,3,-0.07239234447479248,373.0,-0.07239234447479248,solid,sampled
03,Section 3,3,-0.08155250549316406,374.0,-0.08155250549316406,solid,sampled
03,Section 3,3,-0.10595202445983887,375.0,-0.10595202445983887,solid,sampled
03,Section 3,3,-0.10940536856651306,376.0,-0.10940536856651306,solid,sampled
03,Section 3,3,-0.11032268404960632,377.0,-0.11032268404960632,solid,sampled
03,Section 3,3,-0.10690203309059143,378.0,-0.10690203309059143,solid,sampled
03,Section 3,3,-0.11675521731376648,379.0,-0.11675521731376648,solid,sampled
03,Section 3,3,-0.11374141275882721,380.0,-0.11374141275882721,solid,sampled
03,Section 3,3,-0.12881723046302795,381.0,-0.12881723046302795,solid,sampled
03,Section 3,3,-0.13574421405792236,382.0,-0.13574421405792236,solid,sampled
03,Section 3,3,-0.1297595500946045,383.0,-0.1297595500946045,solid,sampled
03,Section 3,3,-0.14773666858673096,384.0,-0.14773666858673096,solid,sampled
03,Section 3,3,-0.1501886546611786,385.0,-0.1501886546611786,solid,sampled
03,Section 3,3,-0.15271857380867004,386.0,-0.15271857380867004,solid,sampled
03,Section 3,3,-0.16055446863174438,387.0,-0.16055446863174438,solid,sampled
03,Section 3,3,-0.15764421224594116,388.0,-0.15764421224594116,solid,sampled
03,Section 3,3,-0.1682823896408081,389.0,-0.1682823896408081,solid,sampled
03,Section 3,3,-0.17399436235427856,390.0,-0.17399436235427856,solid,sampled
03,Section 3,3,-0.17134320735931396,391.0,-0.17134320735931396,solid,sampled
03,Section 3,3,-0.1760711967945099,392.0,-0.1760711967945099,solid,sampled
03,Section 3,3,-0.19196215271949768,393.0,-0.19196215271949768,solid,sampled
03,Section 3,3,-0.18997719883918762,394.0,-0.18997719883918762,solid,sampled
03,Section 3,3,-0.19917255640029907,395.0,-0.19917255640029907,solid,sampled
03,Section 3,3,-0.2131933718919754,396.0,-0.2131933718919754,solid,sampled
03,Section 3,3,-0.21559852361679077,397.0,-0.21559852361679077,solid,sampled
03,Section 3,3,-0.2242305725812912,398.0,-0.2242305725812912,solid,sampled
03,Section 3,3,-0.2351273000240326,399.0,-0.2351273000240326,solid,sampled
03,Section 3,3,-0.23528480529785156,400.0,-0.23528480529785156,solid,sampled
03,Section 3,3,-0.2523181438446045,401.0,-0.2523181438446045,solid,sampled
03,Section 3,3,-0.2521362006664276,402.0,-0.2521362006664276,solid,sampled
03,Section 3,3,-0.26860642433166504,403.0,-0.26860642433166504,solid,sampled
03,Section 3,3,-0.27532505989074707,404.0,-0.27532505989074707,solid,sampled
03,Section 3,3,-0.28251615166664124,405.0,-0.28251615166664124,solid,sampled
03,Section 3,3,-0.2799069881439209,406.0,-0.2799069881439209,solid,sampled
03,Section 3,3,-0.29599952697753906,407.0,-0.29599952697753906,solid,sampled
03,Section 3,3,-0.3048650622367859,408.0,-0.3048650622367859,solid,sampled
03,Section 3,3,-0.3150005340576172,409.0,-0.3150005340576172,solid,sampled
03,Section 3,3,-0.3309718370437622,410.0,-0.3309718370437622,solid,sampled
03,Section 3,3,-0.3327465355396271,411.0,-0.3327465355396271,solid,sampled
03,Section 3,3,-0.3415367603302002,412.0,-0.3415367603302002,solid,sampled
03,Section 3,3,-0.3482167720794678,413.0,-0.3482167720794678,solid,sampled
03,Section 3,3,-0.3678473234176636,414.0,-0.3678473234176636,solid,sampled
03,Section 3,3,-0.36583518981933594,415.0,-0.36583518981933594,solid,sampled
03,Section 3,3,-0.38253599405288696,416.0,-0.38253599405288696,solid,sampled
03,Section 3,3,-0.3844533860683441,417.0,-0.3844533860683441,solid,sampled
03,Section 3,3,-0.38555681705474854,418.0,-0.38555681705474854,solid,sampled
03,Section 3,3,-0.39604291319847107,419.0,-0.39604291319847107,solid,sampled
03,Section 3,3,-0.4025048315525055,420.0,-0.4025048315525055,solid,sampled
03,Section 3,3,-0.4062865674495697,421.0,-0.4062865674495697,solid,sampled
03,Section 3,3,-0.40346425771713257,422.0,-0.40346425771713257,solid,sampled
03,Section 3,3,-0.41056323051452637,423.0,-0.41056323051452637,solid,sampled
03,Section 3,3,-0.4288693070411682,424.0,-0.4288693070411682,solid,sampled
03,Section 3,3,-0.4326280653476715,425.0,-0.4326280653476715,solid,sampled
03,Section 3,3,-0.4448986053466797,426.0,-0.4448986053466797,solid,sampled
03,Section 3,3,-0.4490612745285034,427.0,-0.4490612745285034,solid,sampled
03,Section 3,3,-0.470258504152298,428.0,-0.470258504152298,solid,sampled
03,Section 3,3,-0.4612561762332916,429.0,-0.4612561762332916,solid,sampled
03,Section 3,3,-0.46966350078582764,430.0,-0.46966350078582764,solid,sampled
03,Section 3,3,-0.4814166724681854,431.0,-0.4814166724681854,solid,sampled
03,Section 3,3,-0.4842318296432495,432.0,-0.4842318296432495,solid,sampled
03,Section 3,3,-0.4787725508213043,433.0,-0.4787725508213043,solid,sampled
03,Section 3,3,-0.5016841888427734,434.0,-0.5016841888427734,solid,sampled
03,Section 3,3,-0.4864148199558258,435.0,-0.4864148199558258,solid,sampled
03,Section 3,3,-0.48819756507873535,436.0,-0.48819756507873535,solid,sampled
03,Section 3,3,-0.5040880441665649,437.0,-0.5040880441665649,solid,sampled
03,Section 3,3,-0.49936532974243164,438.0,-0.49936532974243164,solid,sampled
03,Section 3,3,-0.505673885345459,439.0,-0.505673885345459,solid,sampled
03,Section 3,3,-0.5053130388259888,440.0,-0.5053130388259888,solid,sampled
03,Section 3,3,-0.5099364519119263,441.0,-0.5099364519119263,solid,sampled
03,Section 3,3,-0.5117979645729065,442.0,-0.5117979645729065,solid,sampled
03,Section 3,3,-0.5178954601287842,443.0,-0.5178954601287842,solid,sampled
03,Section 3,3,-0.5191584825515747,444.0,-0.5191584825515747,solid,sampled
03,Section 3,3,-0.5303519368171692,445.0,-0.5303519368171692,solid,sampled
03,Section 3,3,-0.5300379991531372,446.0,-0.5300379991531372,solid,sampled
03,Section 3,3,-0.5281374454498291,447.0,-0.5281374454498291,solid,sampled
03,Section 3,3,-0.5289852023124695,448.0,-0.5289852023124695,solid,sampled
03,Section 3,3,-0.5202990770339966,449.0,-0.5202990770339966,solid,sampled
03,Section 3,3,-0.5163894295692444,450.0,-0.5163894295692444,solid,sampled
03,Section 3,3,-0.5110297203063965,451.0,-0.5110297203063965,solid,sampled
03,Section 3,3,-0.5241204500198364,452.0,-0.5241204500198364,solid,sampled
03,Section 3,3,-0.5336901545524597,453.0,-0.5336901545524597,solid,sampled
03,Section 3,3,-0.5328198075294495,454.0,-0.5328198075294495,solid,sampled
03,Section 3,3,-0.5259917974472046,455.0,-0.5259917974472046,solid,sampled
03,Section 3,3,-0.5310062766075134,456.0,-0.5310062766075134,solid,sampled
03,Section 3,3,-0.5353416204452515,457.0,-0.5353416204452515,solid,sampled
03,Section 3,3,-0.5265108346939087,458.0,-0.5265108346939087,solid,sampled
03,Section 3,3,-0.5364458560943604,459.0,-0.5364458560943604,solid,sampled
03,Section 3,3,-0.5231159925460815,460.0,-0.5231159925460815,solid,sampled
03,Section 3,3,-0.5313194990158081,461.0,-0.5313194990158081,solid,sampled
03,Section 3,3,-0.5277392864227295,462.0,-0.5277392864227295,solid,sampled
03,Section 3,3,-0.5172601938247681,463.0,-0.5172601938247681,solid,sampled
03,Section 3,3,-0.5309814214706421,464.0,-0.5309814214706421,solid,sampled
03,Section 3,3,-0.5176540613174438,465.0,-0.5176540613174438,solid,sampled
03,Section 3,3,-0.5210816860198975,466.0,-0.5210816860198975,solid,sampled
03,Section 3,3,-0.519096314907074,467.0,-0.519096314907074,solid,sampled
03,Section 3,3,-0.5089575052261353,468.0,-0.5089575052261353,solid,sampled
03,Section 3,3,-0.516371488571167,469.0,-0.516371488571167,solid,sampled
03,Section 3,3,-0.5208311080932617,470.0,-0.5208311080932617,solid,sampled
03,Section 3,3,-0.5136086344718933,471.0,-0.5136086344718933,solid,sampled
03,Section 3,3,-0.5008143186569214,472.0,-0.5008143186569214,solid,sampled
03,Section 3,3,-0.5018495917320251,473.0,-0.5018495917320251,solid,sampled
03,Section 3,3,-0.511944055557251,474.0,-0.511944055557251,solid,sampled
03,Section 3,3,-0.5011042356491089,475.0,-0.5011042356491089,solid,sampled
03,Section 3,3,-0.5119423866271973,476.0,-0.5119423866271973,solid,sampled
03,Section 3,3,-0.50444096326828,477.0,-0.50444096326828,solid,sampled
03,Section 3,3,-0.5057296752929688,478.0,-0.5057296752929688,solid,sampled
03,Section 3,3,-0.5030449628829956,479.0,-0.5030449628829956,solid,sampled
03,Section 3,3,-0.49451756477355957,480.0,-0.49451756477355957,solid,sampled
03,Section 3,3,-0.49770402908325195,481.0,-0.49770402908325195,solid,sampled
03,Section 3,3,-0.5058582425117493,482.0,-0.5058582425117493,solid,sampled
03,Section 3,3,-0.5243305563926697,483.0,-0.5243305563926697,solid,sampled
03,Section 3,3,-0.5174243450164795,484.0,-0.5174243450164795,solid,sampled
03,Section 3,3,-0.5181671380996704,485.0,-0.5181671380996704,solid,sampled
03,Section 3,3,-0.5330917835235596,486.0,-0.5330917835235596,solid,sampled
03,Section 3,3,-0.5390947461128235,487.0,-0.5390947461128235,solid,sampled
03,Section 3,3,-0.5501703023910522,488.0,-0.5501703023910522,solid,sampled
03,Section 3,3,-0.557401180267334,489.0,-0.557401180267334,solid,sampled
03,Section 3,3,-0.5597154498100281,490.0,-0.5597154498100281,solid,sampled
03,Section 3,3,-0.5522984862327576,491.0,-0.5522984862327576,solid,sampled
03,Section 3,3,-0.5560541749000549,492.0,-0.5560541749000549,solid,sampled
03,Section 3,3,-0.5626936554908752,493.0,-0.5626936554908752,solid,sampled
03,Section 3,3,-0.5588362216949463,494.0,-0.5588362216949463,solid,sampled
03,Section 3,3,-0.5666341781616211,495.0,-0.5666341781616211,solid,sampled
03,Section 3,3,-0.5753222703933716,496.0,-0.5753222703933716,solid,sampled
03,Section 3,3,-0.5821202993392944,497.0,-0.5821202993392944,solid,sampled
03,Section 3,3,-0.5864790081977844,498.0,-0.5864790081977844,solid,sampled
03,Section 3,3,-0.5803571939468384,499.0,-0.5803571939468384,solid,sampled
03,Section 3,3,-0.5923404693603516,500.0,-0.5923404693603516,solid,sampled
03,Section 3,3,-0.5878195762634277,501.0,-0.5878195762634277,solid,sampled
03,Section 3,3,-0.5819450616836548,502.0,-0.5819450616836548,solid,sampled
03,Section 3,3,-0.5743758082389832,503.0,-0.5743758082389832,solid,sampled
03,Section 3,3,-0.5792675018310547,504.0,-0.5792675018310547,solid,sampled
03,Section 3,3,-0.5774416923522949,505.0,-0.5774416923522949,solid,sampled
03,Section 3,3,-0.5731164216995239,506.0,-0.5731164216995239,solid,sampled
03,Section 3,3,-0.5576283931732178,507.0,-0.5576283931732178,solid,sampled
03,Section 3,3,-0.5178621411323547,508.0,-0.5178621411323547,solid,sampled
03,Section 3,3,-0.4631354808807373,509.0,-0.4631354808807373,solid,sampled
03,Section 3,3,-0.42778950929641724,510.0,-0.42778950929641724,solid,sampled
03,Section 3,3,-0.4074871242046356,511.0,-0.4074871242046356,solid,sampled
03,Section 3,3,-0.4097098112106323,512.0,-0.4097098112106323,solid,sampled
03,Section 3,3,-0.4150984585285187,513.0,-0.4150984585285187,solid,sampled
03,Section 3,3,-0.41468948125839233,514.0,-0.41468948125839233,solid,sampled
03,Section 3,3,-0.4292190372943878,515.0,-0.4292190372943878,solid,sampled
03,Section 3,3,-0.41985732316970825,516.0,-0.41985732316970825,solid,sampled
03,Section 3,3,-0.41534897685050964,517.0,-0.41534897685050964,solid,sampled
03,Section 3,3,-0.40092477202415466,518.0,-0.40092477202415466,solid,sampled
03,Section 3,3,-0.411853164434433,519.0,-0.411853164434433,solid,sampled
03,Section 3,3,-0.4088085889816284,520.0,-0.4088085889816284,solid,sampled
03,Section 3,3,-0.4017918109893799,521.0,-0.4017918109893799,solid,sampled
03,Section 3,3,-0.408607542514801,522.0,-0.408607542514801,solid,sampled
03,Section 3,3,-0.40647128224372864,523.0,-0.40647128224372864,solid,sampled
03,Section 3,3,-0.4195510745048523,524.0,-0.4195510745048523,solid,sampled
03,Section 3,3,-0.4299394488334656,525.0,-0.4299394488334656,solid,sampled
03,Section 3,3,-0.4441748261451721,526.0,-0.4441748261451721,solid,sampled
03,Section 3,3,-0.46605002880096436,527.0,-0.46605002880096436,solid,sampled
03,Section 3,3,-0.4846825897693634,528.0,-0.4846825897693634,solid,sampled
03,Section 3,3,-0.49643126130104065,529.0,-0.49643126130104065,solid,sampled
03,Section 3,3,-0.5111531019210815,530.0,-0.5111531019210815,solid,sampled
03,Section 3,3,-0.506474494934082,531.0,-0.506474494934082,solid,sampled
03,Section 3,3,-0.5201258063316345,532.0,-0.5201258063316345,solid,sampled
03,Section 3,3,-0.5171406269073486,533.0,-0.5171406269073486,solid,sampled
03,Section 3,3,-0.530596137046814,534.0,-0.530596137046814,solid,sampled
03,Section 3,3,-0.5373124480247498,535.0,-0.5373124480247498,solid,sampled
03,Section 3,3,-0.56606125831604,536.0,-0.56606125831604,solid,sampled
03,Section 3,3,-0.5787774920463562,537.0,-0.5787774920463562,solid,sampled
03,Section 3,3,-0.6063294410705566,538.0,-0.6063294410705566,solid,sampled
03,Section 3,3,-0.6205853223800659,539.0,-0.6205853223800659,solid,sampled
03,Section 3,3,-0.6422412395477295,540.0,-0.6422412395477295,solid,sampled
03,Section 3,3,-0.655235767364502,541.0,-0.655235767364502,solid,sampled
03,Section 3,3,-0.6770134568214417,542.0,-0.6770134568214417,solid,sampled
03,Section 3,3,-0.6842635273933411,543.0,-0.6842635273933411,solid,sampled
03,Section 3,3,-0.7074391841888428,544.0,-0.7074391841888428,solid,sampled
03,Section 3,3,-0.7228618860244751,545.0,-0.7228618860244751,solid,sampled
03,Section 3,3,-0.737359344959259,546.0,-0.737359344959259,solid,sampled
03,Section 3,3,-0.7538617849349976,547.0,-0.7538617849349976,solid,sampled
03,Section 3,3,-0.7713972926139832,548.0,-0.7713972926139832,solid,sampled
03,Section 3,3,-0.7806423902511597,549.0,-0.7806423902511597,solid,sampled
03,Section 3,3,-0.7950421571731567,550.0,-0.7950421571731567,solid,sampled
03,Section 3,3,-0.8150219321250916,551.0,-0.8150219321250916,solid,sampled
03,Section 3,3,-0.8225784301757812,552.0,-0.8225784301757812,solid,sampled
03,Section 3,3,-0.8316981792449951,553.0,-0.8316981792449951,solid,sampled
03,Section 3,3,-0.8533546328544617,554.0,-0.8533546328544617,solid,sampled
03,Section 3,3,-0.8857301473617554,555.0,-0.8857301473617554,solid,sampled
03,Section 3,3,-0.8906238079071045,556.0,-0.8906238079071045,solid,sampled
03,Section 3,3,-0.9070228338241577,557.0,-0.9070228338241577,solid,sampled
03,Section 3,3,-0.922086775302887,558.0,-0.922086775302887,solid,sampled
03,Section 3,3,-0.9453359842300415,559.0,-0.9453359842300415,solid,sampled
03,Section 3,3,-0.9655793905258179,560.0,-0.9655793905258179,solid,sampled
03,Section 3,3,-0.9899045825004578,561.0,-0.9899045825004578,solid,sampled
03,Section 3,3,-1.0053554773330688,562.0,-1.0053554773330688,solid,sampled
03,Section 3,3,-1.0171946287155151,563.0,-1.0171946287155151,solid,sampled
03,Section 3,3,-1.041221022605896,564.0,-1.041221022605896,solid,sampled
03,Section 3,3,-1.0563641786575317,565.0,-1.0563641786575317,solid,sampled
03,Section 3,3,-1.07161545753479,566.0,-1.07161545753479,solid,sampled
03,Section 3,3,-1.073280692100525,567.0,-1.073280692100525,solid,sampled
03,Section 3,3,-1.0895895957946777,568.0,-1.0895895957946777,solid,sampled
03,Section 3,3,-1.096032977104187,569.0,-1.096032977104187,solid,sampled
03,Section 3,3,-1.1099169254302979,570.0,-1.1099169254302979,solid,sampled
03,Section 3,3,-1.1177046298980713,571.0,-1.1177046298980713,solid,sampled
03,Section 3,3,-1.143266201019287,572.0,-1.143266201019287,solid,sampled
03,Section 3,3,-1.1674360036849976,573.0,-1.1674360036849976,solid,sampled
03,Section 3,3,-1.1833240985870361,574.0,-1.1833240985870361,solid,sampled
03,Section 3,3,-1.1859933137893677,575.0,-1.1859933137893677,solid,sampled
03,Section 3,3,-1.2007395029067993,576.0,-1.2007395029067993,solid,sampled
03,Section 3,3,-1.2183738946914673,577.0,-1.2183738946914673,solid,sampled
03,Section 3,3,-1.2318111658096313,578.0,-1.2318111658096313,solid,sampled
03,Section 3,3,-1.2460131645202637,579.0,-1.2460131645202637,solid,sampled
03,Section 3,3,-1.2678942680358887,580.0,-1.2678942680358887,solid,sampled
03,Section 3,3,-1.2661962509155273,581.0,-1.2661962509155273,solid,sampled
03,Section 3,3,-1.2772406339645386,582.0,-1.2772406339645386,solid,sampled
03,Section 3,3,-1.2938528060913086,583.0,-1.2938528060913086,solid,sampled
03,Section 3,3,-1.3151369094848633,584.0,-1.3151369094848633,solid,sampled
03,Section 3,3,-1.2967801094055176,585.0,-1.2967801094055176,solid,sampled
03,Section 3,3,-1.3098154067993164,586.0,-1.3098154067993164,solid,sampled
03,Section 3,3,-1.2978451251983643,587.0,-1.2978451251983643,solid,sampled
03,Section 3,3,-1.3096014261245728,588.0,-1.3096014261245728,solid,sampled
03,Section 3,3,-1.3449351787567139,589.0,-1.3449351787567139,solid,sampled
03,Section 3,3,-1.371244192123413,590.0,-1.371244192123413,solid,sampled
03,Section 3,3,-1.418100118637085,591.0,-1.418100118637085,solid,sampled
03,Section 3,3,-1.362821102142334,592.0,-1.362821102142334,solid,sampled
03,Section 3,3,-1.361419677734375,593.0,-1.361419677734375,solid,sampled
03,Section 3,3,-1.3581533432006836,594.0,-1.3581533432006836,solid,sampled
03,Section 3,3,-1.3683006763458252,595.0,-1.3683006763458252,solid,sampled
03,Section 3,3,-1.3728464841842651,596.0,-1.3728464841842651,solid,sampled
03,Section 3,3,-1.333052396774292,597.0,-1.333052396774292,solid,sampled
03,Section 3,3,-1.3449057340621948,598.0,-1.3449057340621948,solid,sampled
03,Section 3,3,-1.3628480434417725,599.0,-1.3628480434417725,solid,sampled
03,Section 3,3,-1.3694627285003662,600.0,-1.3694627285003662,solid,sampled
03,Section 3,3,-1.4291305541992188,601.0,-1.4291305541992188,solid,sampled
03,Section 3,3,-1.4369966983795166,602.0,-1.4369966983795166,solid,sampled
03,Section 3,3,-1.4827892780303955,603.0,-1.4827892780303955,solid,sampled
03,Section 3,3,-1.4010461568832397,604.0,-1.4010461568832397,solid,sampled
03,Section 3,3,-1.3686965703964233,605.0,-1.3686965703964233,solid,sampled
03,Section 3,3,-1.3618218898773193,606.0,-1.3618218898773193,solid,sampled
03,Section 3,3,-1.3777273893356323,607.0,-1.3777273893356323,solid,sampled
03,Section 3,3,-1.3457000255584717,608.0,-1.3457000255584717,solid,sampled
03,Section 3,3,-1.3516082763671875,609.0,-1.3516082763671875,solid,sampled
03,Section 3,3,-1.3355501890182495,610.0,-1.3355501890182495,solid,sampled
03,Section 3,3,-1.3499045372009277,611.0,-1.3499045372009277,solid,sampled
03,Section 3,3,-1.3242769241333008,612.0,-1.3242769241333008,solid,sampled
03,Section 3,3,-1.3247222900390625,613.0,-1.3247222900390625,solid,sampled
03,Section 3,3,-1.3289884328842163,614.0,-1.3289884328842163,solid,sampled
03,Section 3,3,-1.3424485921859741,615.0,-1.3424485921859741,solid,sampled
03,Section 3,3,-1.3329294919967651,616.0,-1.3329294919967651,solid,sampled
03,Section 3,3,-1.3356605768203735,617.0,-1.3356605768203735,solid,sampled
03,Section 3,3,-1.3171007633209229,618.0,-1.3171007633209229,solid,sampled
03,Section 3,3,-1.3141494989395142,619.0,-1.3141494989395142,solid,sampled
03,Section 3,3,-1.3120536804199219,620.0,-1.3120536804199219,solid,sampled
03,Section 3,3,-1.3142277002334595,621.0,-1.3142277002334595,solid,sampled
03,Section 3,3,-1.2850534915924072,622.0,-1.2850534915924072,solid,sampled
03,Section 3,3,-1.281576156616211,623.0,-1.281576156616211,solid,sampled
03,Section 3,3,-1.263861060142517,624.0,-1.263861060142517,solid,sampled
03,Section 3,3,-1.2411296367645264,625.0,-1.2411296367645264,solid,sampled
03,Section 3,3,-1.237236738204956,626.0,-1.237236738204956,solid,sampled
03,Section 3,3,-1.2353925704956055,627.0,-1.2353925704956055,solid,sampled
03,Section 3,3,-1.2351555824279785,628.0,-1.2351555824279785,solid,sampled
03,Section 3,3,-1.2282570600509644,629.0,-1.2282570600509644,solid,sampled
03,Section 3,3,-1.2200109958648682,630.0,-1.2200109958648682,solid,sampled
03,Section 3,3,-1.2267733812332153,631.0,-1.2267733812332153,solid,sampled
03,Section 3,3,-1.2201348543167114,632.0,-1.2201348543167114,solid,sampled
03,Section 3,3,-1.2126286029815674,633.0,-1.2126286029815674,solid,sampled
03,Section 3,3,-1.1982085704803467,634.0,-1.1982085704803467,solid,sampled
03,Section 3,3,-1.2013919353485107,635.0,-1.2013919353485107,solid,sampled
03,Section 3,3,-1.1938104629516602,636.0,-1.1938104629516602,solid,sampled
03,Section 3,3,-1.185349464416504,637.0,-1.185349464416504,solid,sampled
03,Section 3,3,-1.1836700439453125,638.0,-1.1836700439453125,solid,sampled
03,Section 3,3,-1.1838492155075073,639.0,-1.1838492155075073,solid,sampled
03,Section 3,3,-1.1773271560668945,640.0,-1.1773271560668945,solid,sampled
03,Section 3,3,-1.1799752712249756,641.0,-1.1799752712249756,solid,sampled
03,Section 3,3,-1.1890853643417358,642.0,-1.1890853643417358,solid,sampled
03,Section 3,3,-1.178919792175293,643.0,-1.178919792175293,solid,sampled
03,Section 3,3,-1.177904725074768,644.0,-1.177904725074768,solid,sampled
03,Section 3,3,-1.1733229160308838,645.0,-1.1733229160308838,solid,sampled
03,Section 3,3,-1.1847741603851318,646.0,-1.1847741603851318,solid,sampled
03,Section 3,3,-1.1889400482177734,647.0,-1.1889400482177734,solid,sampled
03,Section 3,3,-1.1755815744400024,648.0,-1.1755815744400024,solid,sampled
03,Section 3,3,-1.2032849788665771,649.0,-1.2032849788665771,solid,sampled
03,Section 3,3,-1.192588448524475,650.0,-1.192588448524475,solid,sampled
03,Section 3,3,-1.2003278732299805,651.0,-1.2003278732299805,solid,sampled
03,Section 3,3,-1.2001633644104004,652.0,-1.2001633644104004,solid,sampled
03,Section 3,3,-1.2123067378997803,653.0,-1.2123067378997803,solid,sampled
03,Section 3,3,-1.210123062133789,654.0,-1.210123062133789,solid,sampled
03,Section 3,3,-1.2179646492004395,655.0,-1.2179646492004395,solid,sampled
03,Section 3,3,-1.2088584899902344,656.0,-1.2088584899902344,solid,sampled
03,Section 3,3,-1.2033352851867676,657.0,-1.2033352851867676,solid,sampled
03,Section 3,3,-1.225121021270752,658.0,-1.225121021270752,solid,sampled
03,Section 3,3,-1.229012131690979,659.0,-1.229012131690979,solid,sampled
03,Section 3,3,-1.2279317378997803,660.0,-1.2279317378997803,solid,sampled
03,Section 3,3,-1.231881856918335,661.0,-1.231881856918335,solid,sampled
03,Section 3,3,-1.2248873710632324,662.0,-1.2248873710632324,solid,sampled
03,Section 3,3,-1.2195343971252441,663.0,-1.2195343971252441,solid,sampled
03,Section 3,3,-1.2195395231246948,664.0,-1.2195395231246948,solid,sampled
03,Section 3,3,-1.2044538259506226,665.0,-1.2044538259506226,solid,sampled
03,Section 3,3,-1.200892448425293,666.0,-1.200892448425293,solid,sampled
03,Section 3,3,-1.2017412185668945,667.0,-1.2017412185668945,solid,sampled
03,Section 3,3,-1.1929994821548462,668.0,-1.1929994821548462,solid,sampled
03,Section 3,3,-1.1921155452728271,669.0,-1.1921155452728271,solid,sampled
03,Section 3,3,-1.1976208686828613,670.0,-1.1976208686828613,solid,sampled
03,Section 3,3,-1.2021578550338745,671.0,-1.2021578550338745,solid,sampled
03,Section 3,3,-1.197934627532959,672.0,-1.197934627532959,solid,sampled
03,Section 3,3,-1.1879767179489136,673.0,-1.1879767179489136,solid,sampled
03,Section 3,3,-1.1921359300613403,674.0,-1.1921359300613403,solid,sampled
03,Section 3,3,-1.204369306564331,675.0,-1.204369306564331,solid,sampled
03,Section 3,3,-1.1829960346221924,676.0,-1.1829960346221924,solid,sampled
03,Section 3,3,-1.2022924423217773,677.0,-1.2022924423217773,solid,sampled
03,Section 3,3,-1.1974458694458008,678.0,-1.1974458694458008,solid,sampled
03,Section 3,3,-1.1822983026504517,679.0,-1.1822983026504517,solid,sampled
03,Section 3,3,-1.1642398834228516,680.0,-1.1642398834228516,solid,sampled
03,Section 3,3,-1.1655231714248657,681.0,-1.1655231714248657,solid,sampled
03,Section 3,3,-1.1636171340942383,682.0,-1.1636171340942383,solid,sampled
03,Section 3,3,-1.1644232273101807,683.0,-1.1644232273101807,solid,sampled
03,Section 3,3,-1.1581326723098755,684.0,-1.1581326723098755,solid,sampled
03,Section 3,3,-1.150158405303955,685.0,-1.150158405303955,solid,sampled
03,Section 3,3,-1.139622449874878,686.0,-1.139622449874878,solid,sampled
03,Section 3,3,-1.1243952512741089,687.0,-1.1243952512741089,solid,sampled
03,Section 3,3,-1.1014480590820312,688.0,-1.1014480590820312,solid,sampled
03,Section 3,3,-1.090125560760498,689.0,-1.090125560760498,solid,sampled
03,Section 3,3,-1.0362954139709473,690.0,-1.0362954139709473,solid,sampled
03,Section 3,3,-0.9573180675506592,691.0,-0.9573180675506592,solid,sampled
03,Section 3,3,-0.8739528059959412,692.0,-0.8739528059959412,solid,sampled
03,Section 3,3,-0.7784968614578247,693.0,-0.7784968614578247,solid,sampled
03,Section 3,3,-0.7382963299751282,694.0,-0.7382963299751282,solid,sampled
03,Section 3,3,-0.7302370071411133,695.0,-0.7302370071411133,solid,sampled
03,Section 3,3,-0.7208989858627319,696.0,-0.7208989858627319,solid,sampled
03,Section 3,3,-0.7226519584655762,697.0,-0.7226519584655762,solid,sampled
03,Section 3,3,-0.7164954543113708,698.0,-0.7164954543113708,solid,sampled
03,Section 3,3,-0.7191569805145264,699.0,-0.7191569805145264,solid,sampled
03,Section 3,3,-0.7113548517227173,700.0,-0.7113548517227173,solid,sampled
03,Section 3,3,-0.7148979902267456,701.0,-0.7148979902267456,solid,sampled
03,Section 3,3,-0.7253483533859253,702.0,-0.7253483533859253,solid,sampled
03,Section 3,3,-0.730738639831543,703.0,-0.730738639831543,solid,sampled
03,Section 3,3,-0.7379448413848877,704.0,-0.7379448413848877,solid,sampled
03,Section 3,3,-0.7444195747375488,705.0,-0.7444195747375488,solid,sampled
03,Section 3,3,-0.7576725482940674,706.0,-0.7576725482940674,solid,sampled
03,Section 3,3,-0.768223762512207,707.0,-0.768223762512207,solid,sampled
03,Section 3,3,-0.7783204317092896,708.0,-0.7783204317092896,solid,sampled
03,Section 3,3,-0.7869139909744263,709.0,-0.7869139909744263,solid,sampled
03,Section 3,3,-0.7952038645744324,710.0,-0.7952038645744324,solid,sampled
03,Section 3,3,-0.8059290051460266,711.0,-0.8059290051460266,solid,sampled
03,Section 3,3,-0.8237736821174622,712.0,-0.8237736821174622,solid,sampled
03,Section 3,3,-0.8314113616943359,713.0,-0.8314113616943359,solid,sampled
03,Section 3,3,-0.8446638584136963,714.0,-0.8446638584136963,solid,sampled
03,Section 3,3,-0.8637611269950867,715.0,-0.8637611269950867,solid,sampled
03,Section 3,3,-0.8813409805297852,716.0,-0.8813409805297852,solid,sampled
03,Section 3,3,-0.8868036270141602,717.0,-0.8868036270141602,solid,sampled
03,Section 3,3,-0.9006954431533813,718.0,-0.9006954431533813,solid,sampled
03,Section 3,3,-0.9226298332214355,719.0,-0.9226298332214355,solid,sampled
03,Section 3,3,-0.9463037252426147,720.0,-0.9463037252426147,solid,sampled
03,Section 3,3,-0.9720165133476257,721.0,-0.9720165133476257,solid,sampled
03,Section 3,3,-0.9825377464294434,722.0,-0.9825377464294434,solid,sampled
03,Section 3,3,-1.0062534809112549,723.0,-1.0062534809112549,solid,sampled
03,Section 3,3,-1.0339974164962769,724.0,-1.0339974164962769,solid,sampled
03,Section 3,3,-1.0599206686019897,725.0,-1.0599206686019897,solid,sampled
03,Section 3,3,-1.073045253753662,726.0,-1.073045253753662,solid,sampled
03,Section 3,3,-1.0942484140396118,727.0,-1.0942484140396118,solid,sampled
03,Section 3,3,-1.1075456142425537,728.0,-1.1075456142425537,solid,sampled
03,Section 3,3,-1.1257727146148682,729.0,-1.1257727146148682,solid,sampled
03,Section 3,3,-1.100488543510437,730.0,-1.100488543510437,solid,sampled
03,Section 3,3,-1.1723086833953857,731.0,-1.1723086833953857,solid,sampled
03,Section 3,3,-1.1649693250656128,732.0,-1.1649693250656128,solid,sampled
03,Section 3,3,-1.1944538354873657,733.0,-1.1944538354873657,solid,sampled
03,Section 3,3,-1.1852715015411377,734.0,-1.1852715015411377,solid,sampled
03,Section 3,3,-1.2727488279342651,735.0,-1.2727488279342651,solid,sampled
03,Section 3,3,-1.2825772762298584,736.0,-1.2825772762298584,solid,sampled
03,Section 3,3,-1.2285388708114624,737.0,-1.2285388708114624,solid,sampled
03,Section 3,3,-1.3354082107543945,738.0,-1.3354082107543945,solid,sampled
03,Section 3,3,-1.3911179304122925,739.0,-1.3911179304122925,solid,sampled
03,Section 3,3,-1.6023285388946533,740.0,-1.6023285388946533,solid,sampled
03,Section 3,3,-3.0,741.0,-14.540872573852539,solid,water_floor
03,Section 3,3,-3.0,742.0,-6.654750823974609,solid,water_floor
03,Section 3,3,-3.0,743.0,-9.779120445251465,solid,water_floor
03,Section 3,3,-3.0,744.0,-20.531143188476562,solid,water_floor
03,Section 3,3,-3.0,745.0,-29.494077682495117,solid,water_floor
03,Section 3,3,-3.0,746.0,-24.441587448120117,solid,water_floor
03,Section 3,3,-3.0,747.0,-25.024051666259766,solid,water_floor
03,Section 3,3,-3.0,748.0,-20.82491683959961,solid,water_floor
03,Section 3,3,-3.0,749.0,-34.788780212402344,solid,water_floor
03,Section 3,3,-3.0,750.0,-38.793277740478516,solid,water_floor
03,Section 3,3,-3.0,751.0,-29.553682327270508,solid,water_floor
03,Section 3,3,-3.0,752.0,-35.20298767089844,solid,water_floor
03,Section 3,3,-3.0,753.0,-27.75809097290039,solid,water_floor
03,Section 3,3,-3.0,754.0,-44.39356231689453,solid,water_floor
03,Section 3,3,-3.0,755.0,-37.058204650878906,solid,water_floor
03,Section 3,3,-3.0,756.0,-43.24090576171875,solid,water_floor
03,Section 3,3,-3.0,757.0,-41.3092041015625,solid,water_floor
03,Section 3,3,-3.0,758.0,-43.527915954589844,solid,water_floor
03,Section 3,3,-3.0,759.0,-56.305702209472656,solid,water_floor
03,Section 3,3,-3.0,760.0,-45.5595588684082,solid,water_floor
03,Section 3,3,-3.0,761.0,-49.538978576660156,solid,water_floor
03,Section 3,3,-3.0,762.0,-52.712432861328125,solid,water_floor
03,Section 3,3,-3.0,763.0,-53.409278869628906,solid,water_floor
03,Section 3,3,-3.0,764.0,-50.28199768066406,solid,water_floor
03,Section 3,3,-3.0,765.0,-64.05671691894531,solid,water_floor
03,Section 3,3,-3.0,766.0,-65.2990951538086,solid,water_floor
03,Section 3,3,-3.0,767.0,-50.08652877807617,solid,water_floor
03,Section 3,3,-3.0,768.0,-70.10690307617188,solid,water_floor
03,Section 3,3,-3.0,769.0,-68.24559020996094,solid,water_floor
03,Section 3,3,-3.0,770.0,-73.93452453613281,solid,water_floor
03,Section 3,3,-3.0,771.0,-61.937931060791016,solid,water_floor
03,Section 3,3,-3.0,772.0,-60.24729919433594,solid,water_floor
03,Section 3,3,-3.0,773.0,-70.68486022949219,solid,water_floor
03,Section 3,3,-3.0,774.0,-79.28886413574219,solid,water_floor
03,Section 3,3,-3.0,775.0,-77.45494079589844,solid,water_floor
03,Section 3,3,-3.0,776.0,-73.0474624633789,solid,water_floor
03,Section 3,3,-3.0,777.0,-62.73895263671875,solid,water_floor
03,Section 3,3,-3.0,778.0,-65.43609619140625,solid,water_floor
03,Section 3,3,-3.0,779.0,-66.74576568603516,solid,water_floor
03,Section 3,3,-3.0,780.0,-77.1434097290039,solid,water_floor
03,Section 3,3,-3.0,781.0,-75.10517883300781,solid,water_floor
03,Section 3,3,0.0,782.0,,dotted,null_fill
03,Section 3,3,0.0,783.0,,dotted,null_fill
03,Section 3,3,0.0,784.0,,dotted,null_fill
03,Section 3,3,0.0,785.0,,dotted,null_fill
03,Section 3,3,0.0,786.0,,dotted,null_fill
03,Section 3,3,0.0,787.0,,dotted,null_fill
03,Section 3,3,0.0,788.0,,dotted,null_fill
03,Section 3,3,0.0,789.0,,dotted,null_fill
03,Section 3,3,0.0,790.0,,dotted,null_fill
03,Section 3,3,0.0,791.0,,dotted,null_fill
03,Section 3,3,0.0,792.0,,dotted,null_fill
03,Section 3,3,0.0,793.0,,dotted,null_fill
03,Section 3,3,0.0,794.0,,dotted,null_fill
03,Section 3,3,0.0,795.0,,dotted,null_fill
03,Section 3,3,0.0,796.0,,dotted,null_fill
03,Section 3,3,0.0,796.54245,,dotted,null_fill
04,Section 4,4,0.0,0.0,,dotted,null_fill
04,Section 4,4,0.0,1.0,,dotted,null_fill
04,Section 4,4,0.0,2.0,,dotted,null_fill
04,Section 4,4,0.0,3.0,,dotted,null_fill
04,Section 4,4,0.0,4.0,,dotted,null_fill
04,Section 4,4,0.0,5.0,,dotted,null_fill
04,Section 4,4,0.0,6.0,,dotted,null_fill
04,Section 4,4,0.0,7.0,,dotted,null_fill
04,Section 4,4,0.0,8.0,,dotted,null_fill
04,Section 4,4,0.0,9.0,,dotted,null_fill
04,Section 4,4,0.0,10.0,,dotted,null_fill
04,Section 4,4,0.0,11.0,,dotted,null_fill
04,Section 4,4,0.0,12.0,,dotted,null_fill
04,Section 4,4,0.0,13.0,,dotted,null_fill
04,Section 4,4,0.0,14.0,,dotted,null_fill
04,Section 4,4,0.0,15.0,,dotted,null_fill
04,Section 4,4,0.0,16.0,,dotted,null_fill
04,Section 4,4,0.0,17.0,,dotted,null_fill
04,Section 4,4,0.0,18.0,,dotted,null_fill
04,Section 4,4,0.0,19.0,,dotted,null_fill
04,Section 4,4,0.0,20.0,,dotted,null_fill
04,Section 4,4,0.0,21.0,,dotted,null_fill
04,Section 4,4,0.0,22.0,,dotted,null_fill
04,Section 4,4,0.0,23.0,,dotted,null_fill
04,Section 4,4,0.0,24.0,,dotted,null_fill
04,Section 4,4,0.0,25.0,,dotted,null_fill
04,Section 4,4,0.0,26.0,,dotted,null_fill
04,Section 4,4,0.0,27.0,,dotted,null_fill
04,Section 4,4,0.0,28.0,,dotted,null_fill
04,Section 4,4,0.0,29.0,,dotted,null_fill
04,Section 4,4,0.0,30.0,,dotted,null_fill
04,Section 4,4,0.0,31.0,,dotted,null_fill
04,Section 4,4,0.0,32.0,,dotted,null_fill
04,Section 4,4,0.0,33.0,,dotted,null_fill
04,Section 4,4,0.0,34.0,,dotted,null_fill
04,Section 4,4,0.0,35.0,,dotted,null_fill
04,Section 4,4,0.0,36.0,,dotted,null_fill
04,Section 4,4,0.0,37.0,,dotted,null_fill
04,Section 4,4,0.0,38.0,,dotted,null_fill
04,Section 4,4,0.0,39.0,,dotted,null_fill
04,Section 4,4,0.0,40.0,,dotted,null_fill
04,Section 4,4,0.0,41.0,,dotted,null_fill
04,Section 4,4,0.0,42.0,,dotted,null_fill
04,Section 4,4,0.0,43.0,,dotted,null_fill
04,Section 4,4,0.0,44.0,,dotted,null_fill
04,Section 4,4,0.0,45.0,,dotted,null_fill
04,Section 4,4,14.623215675354004,46.0,14.623215675354004,solid,sampled
04,Section 4,4,14.309526443481445,47.0,14.309526443481445,solid,sampled
04,Section 4,4,14.227015495300293,48.0,14.227015495300293,solid,sampled
04,Section 4,4,14.330211639404297,49.0,14.330211639404297,solid,sampled
04,Section 4,4,14.465245246887207,50.0,14.465245246887207,solid,sampled
04,Section 4,4,13.934408187866211,51.0,13.934408187866211,solid,sampled
04,Section 4,4,13.705362319946289,52.0,13.705362319946289,solid,sampled
04,Section 4,4,13.754039764404297,53.0,13.754039764404297,solid,sampled
04,Section 4,4,13.822714805603027,54.0,13.822714805603027,solid,sampled
04,Section 4,4,13.133193016052246,55.0,13.133193016052246,solid,sampled
04,Section 4,4,12.279718399047852,56.0,12.279718399047852,solid,sampled
04,Section 4,4,11.923171997070312,57.0,11.923171997070312,solid,sampled
04,Section 4,4,11.96316146850586,58.0,11.96316146850586,solid,sampled
04,Section 4,4,11.948444366455078,59.0,11.948444366455078,solid,sampled
04,Section 4,4,11.771797180175781,60.0,11.771797180175781,solid,sampled
04,Section 4,4,11.65208911895752,61.0,11.65208911895752,solid,sampled
04,Section 4,4,11.129549026489258,62.0,11.129549026489258,solid,sampled
04,Section 4,4,10.862656593322754,63.0,10.862656593322754,solid,sampled
04,Section 4,4,10.74811840057373,64.0,10.74811840057373,solid,sampled
04,Section 4,4,10.660820960998535,65.0,10.660820960998535,solid,sampled
04,Section 4,4,11.020340919494629,66.0,11.020340919494629,solid,sampled
04,Section 4,4,10.85446548461914,67.0,10.85446548461914,solid,sampled
04,Section 4,4,9.944177627563477,68.0,9.944177627563477,solid,sampled
04,Section 4,4,9.535327911376953,69.0,9.535327911376953,solid,sampled
04,Section 4,4,9.057116508483887,70.0,9.057116508483887,solid,sampled
04,Section 4,4,9.089674949645996,71.0,9.089674949645996,solid,sampled
04,Section 4,4,8.825389862060547,72.0,8.825389862060547,solid,sampled
04,Section 4,4,9.353910446166992,73.0,9.353910446166992,solid,sampled
04,Section 4,4,9.331437110900879,74.0,9.331437110900879,solid,sampled
04,Section 4,4,8.727066993713379,75.0,8.727066993713379,solid,sampled
04,Section 4,4,8.133255004882812,76.0,8.133255004882812,solid,sampled
04,Section 4,4,7.518959999084473,77.0,7.518959999084473,solid,sampled
04,Section 4,4,7.310536861419678,78.0,7.310536861419678,solid,sampled
04,Section 4,4,7.364354610443115,79.0,7.364354610443115,solid,sampled
04,Section 4,4,7.379314422607422,80.0,7.379314422607422,solid,sampled
04,Section 4,4,7.341105937957764,81.0,7.341105937957764,solid,sampled
04,Section 4,4,6.602872848510742,82.0,6.602872848510742,solid,sampled
04,Section 4,4,5.637182712554932,83.0,5.637182712554932,solid,sampled
04,Section 4,4,4.606241226196289,84.0,4.606241226196289,solid,sampled
04,Section 4,4,3.3852028846740723,85.0,3.3852028846740723,solid,sampled
04,Section 4,4,2.984344482421875,86.0,2.984344482421875,solid,sampled
04,Section 4,4,2.7047181129455566,87.0,2.7047181129455566,solid,sampled
04,Section 4,4,2.271749973297119,88.0,2.271749973297119,solid,sampled
04,Section 4,4,2.1281609535217285,89.0,2.1281609535217285,solid,sampled
04,Section 4,4,2.1003403663635254,90.0,2.1003403663635254,solid,sampled
04,Section 4,4,2.1930160522460938,91.0,2.1930160522460938,solid,sampled
04,Section 4,4,2.0522594451904297,92.0,2.0522594451904297,solid,sampled
04,Section 4,4,1.7760146856307983,93.0,1.7760146856307983,solid,sampled
04,Section 4,4,1.6904972791671753,94.0,1.6904972791671753,solid,sampled
04,Section 4,4,1.6021819114685059,95.0,1.6021819114685059,solid,sampled
04,Section 4,4,1.488755226135254,96.0,1.488755226135254,solid,sampled
04,Section 4,4,1.3889564275741577,97.0,1.3889564275741577,solid,sampled
04,Section 4,4,1.2884999513626099,98.0,1.2884999513626099,solid,sampled
04,Section 4,4,1.221009612083435,99.0,1.221009612083435,solid,sampled
04,Section 4,4,1.1748464107513428,100.0,1.1748464107513428,solid,sampled
04,Section 4,4,1.1355873346328735,101.0,1.1355873346328735,solid,sampled
04,Section 4,4,1.0945408344268799,102.0,1.0945408344268799,solid,sampled
04,Section 4,4,1.056302785873413,103.0,1.056302785873413,solid,sampled
04,Section 4,4,1.0092964172363281,104.0,1.0092964172363281,solid,sampled
04,Section 4,4,0.9612377285957336,105.0,0.9612377285957336,solid,sampled
04,Section 4,4,0.9048267006874084,106.0,0.9048267006874084,solid,sampled
04,Section 4,4,0.8729190826416016,107.0,0.8729190826416016,solid,sampled
04,Section 4,4,0.8455134034156799,108.0,0.8455134034156799,solid,sampled
04,Section 4,4,0.8246188163757324,109.0,0.8246188163757324,solid,sampled
04,Section 4,4,0.803645670413971,110.0,0.803645670413971,solid,sampled
04,Section 4,4,0.7872282266616821,111.0,0.7872282266616821,solid,sampled
04,Section 4,4,0.7949881553649902,112.0,0.7949881553649902,solid,sampled
04,Section 4,4,0.8077362179756165,113.0,0.8077362179756165,solid,sampled
04,Section 4,4,0.8050023913383484,114.0,0.8050023913383484,solid,sampled
04,Section 4,4,0.8101605772972107,115.0,0.8101605772972107,solid,sampled
04,Section 4,4,0.8065965175628662,116.0,0.8065965175628662,solid,sampled
04,Section 4,4,0.8078620433807373,117.0,0.8078620433807373,solid,sampled
04,Section 4,4,0.8200032114982605,118.0,0.8200032114982605,solid,sampled
04,Section 4,4,0.816349983215332,119.0,0.816349983215332,solid,sampled
04,Section 4,4,0.8195797204971313,120.0,0.8195797204971313,solid,sampled
04,Section 4,4,0.8288002014160156,121.0,0.8288002014160156,solid,sampled
04,Section 4,4,0.8369513154029846,122.0,0.8369513154029846,solid,sampled
04,Section 4,4,0.8417282700538635,123.0,0.8417282700538635,solid,sampled
04,Section 4,4,0.8481167554855347,124.0,0.8481167554855347,solid,sampled
04,Section 4,4,0.8537421822547913,125.0,0.8537421822547913,solid,sampled
04,Section 4,4,0.8617170453071594,126.0,0.8617170453071594,solid,sampled
04,Section 4,4,0.884678304195404,127.0,0.884678304195404,solid,sampled
04,Section 4,4,0.897071897983551,128.0,0.897071897983551,solid,sampled
04,Section 4,4,0.8989675045013428,129.0,0.8989675045013428,solid,sampled
04,Section 4,4,0.9215846061706543,130.0,0.9215846061706543,solid,sampled
04,Section 4,4,0.9359602928161621,131.0,0.9359602928161621,solid,sampled
04,Section 4,4,0.9523348808288574,132.0,0.9523348808288574,solid,sampled
04,Section 4,4,0.9461724162101746,133.0,0.9461724162101746,solid,sampled
04,Section 4,4,0.9516193270683289,134.0,0.9516193270683289,solid,sampled
04,Section 4,4,0.969984233379364,135.0,0.969984233379364,solid,sampled
04,Section 4,4,0.9779661893844604,136.0,0.9779661893844604,solid,sampled
04,Section 4,4,0.9903148412704468,137.0,0.9903148412704468,solid,sampled
04,Section 4,4,0.9885067939758301,138.0,0.9885067939758301,solid,sampled
04,Section 4,4,0.9892204999923706,139.0,0.9892204999923706,solid,sampled
04,Section 4,4,0.987793505191803,140.0,0.987793505191803,solid,sampled
04,Section 4,4,0.9851270914077759,141.0,0.9851270914077759,solid,sampled
04,Section 4,4,0.9934635758399963,142.0,0.9934635758399963,solid,sampled
04,Section 4,4,0.9832593202590942,143.0,0.9832593202590942,solid,sampled
04,Section 4,4,0.9832189083099365,144.0,0.9832189083099365,solid,sampled
04,Section 4,4,0.9715451598167419,145.0,0.9715451598167419,solid,sampled
04,Section 4,4,0.9667409658432007,146.0,0.9667409658432007,solid,sampled
04,Section 4,4,0.9525129795074463,147.0,0.9525129795074463,solid,sampled
04,Section 4,4,0.939720630645752,148.0,0.939720630645752,solid,sampled
04,Section 4,4,0.9269630312919617,149.0,0.9269630312919617,solid,sampled
04,Section 4,4,0.9101824760437012,150.0,0.9101824760437012,solid,sampled
04,Section 4,4,0.9547368288040161,151.0,0.9547368288040161,solid,sampled
04,Section 4,4,0.9783730506896973,152.0,0.9783730506896973,solid,sampled
04,Section 4,4,1.001405954360962,153.0,1.001405954360962,solid,sampled
04,Section 4,4,1.0165257453918457,154.0,1.0165257453918457,solid,sampled
04,Section 4,4,1.0249080657958984,155.0,1.0249080657958984,solid,sampled
04,Section 4,4,1.0295124053955078,156.0,1.0295124053955078,solid,sampled
04,Section 4,4,1.0390337705612183,157.0,1.0390337705612183,solid,sampled
04,Section 4,4,1.0653188228607178,158.0,1.0653188228607178,solid,sampled
04,Section 4,4,1.075749158859253,159.0,1.075749158859253,solid,sampled
04,Section 4,4,1.0894688367843628,160.0,1.0894688367843628,solid,sampled
04,Section 4,4,1.0955796241760254,161.0,1.0955796241760254,solid,sampled
04,Section 4,4,1.0967977046966553,162.0,1.0967977046966553,solid,sampled
04,Section 4,4,1.1154433488845825,163.0,1.1154433488845825,solid,sampled
04,Section 4,4,1.0921552181243896,164.0,1.0921552181243896,solid,sampled
04,Section 4,4,1.1010260581970215,165.0,1.1010260581970215,solid,sampled
04,Section 4,4,1.1110548973083496,166.0,1.1110548973083496,solid,sampled
04,Section 4,4,1.098638653755188,167.0,1.098638653755188,solid,sampled
04,Section 4,4,1.0943772792816162,168.0,1.0943772792816162,solid,sampled
04,Section 4,4,1.0953869819641113,169.0,1.0953869819641113,solid,sampled
04,Section 4,4,1.1106711626052856,170.0,1.1106711626052856,solid,sampled
04,Section 4,4,1.1073415279388428,171.0,1.1073415279388428,solid,sampled
04,Section 4,4,1.103683352470398,172.0,1.103683352470398,solid,sampled
04,Section 4,4,1.1033612489700317,173.0,1.1033612489700317,solid,sampled
04,Section 4,4,1.1158169507980347,174.0,1.1158169507980347,solid,sampled
04,Section 4,4,1.1124906539916992,175.0,1.1124906539916992,solid,sampled
04,Section 4,4,1.1082139015197754,176.0,1.1082139015197754,solid,sampled
04,Section 4,4,1.0988237857818604,177.0,1.0988237857818604,solid,sampled
04,Section 4,4,1.0923200845718384,178.0,1.0923200845718384,solid,sampled
04,Section 4,4,1.0954065322875977,179.0,1.0954065322875977,solid,sampled
04,Section 4,4,1.1001148223876953,180.0,1.1001148223876953,solid,sampled
04,Section 4,4,1.0965826511383057,181.0,1.0965826511383057,solid,sampled
04,Section 4,4,1.0904356241226196,182.0,1.0904356241226196,solid,sampled
04,Section 4,4,1.0883020162582397,183.0,1.0883020162582397,solid,sampled
04,Section 4,4,1.0807198286056519,184.0,1.0807198286056519,solid,sampled
04,Section 4,4,1.075852632522583,185.0,1.075852632522583,solid,sampled
04,Section 4,4,1.0636969804763794,186.0,1.0636969804763794,solid,sampled
04,Section 4,4,1.0643059015274048,187.0,1.0643059015274048,solid,sampled
04,Section 4,4,1.0554389953613281,188.0,1.0554389953613281,solid,sampled
04,Section 4,4,1.051297664642334,189.0,1.051297664642334,solid,sampled
04,Section 4,4,1.030712604522705,190.0,1.030712604522705,solid,sampled
04,Section 4,4,1.0392076969146729,191.0,1.0392076969146729,solid,sampled
04,Section 4,4,1.0115512609481812,192.0,1.0115512609481812,solid,sampled
04,Section 4,4,1.0023019313812256,193.0,1.0023019313812256,solid,sampled
04,Section 4,4,1.0057127475738525,194.0,1.0057127475738525,solid,sampled
04,Section 4,4,1.003397822380066,195.0,1.003397822380066,solid,sampled
04,Section 4,4,0.9996181726455688,196.0,0.9996181726455688,solid,sampled
04,Section 4,4,0.9934608340263367,197.0,0.9934608340263367,solid,sampled
04,Section 4,4,0.9815976023674011,198.0,0.9815976023674011,solid,sampled
04,Section 4,4,0.97174471616745,199.0,0.97174471616745,solid,sampled
04,Section 4,4,0.964592456817627,200.0,0.964592456817627,solid,sampled
04,Section 4,4,0.9585813283920288,201.0,0.9585813283920288,solid,sampled
04,Section 4,4,0.9433633089065552,202.0,0.9433633089065552,solid,sampled
04,Section 4,4,0.9297162890434265,203.0,0.9297162890434265,solid,sampled
04,Section 4,4,0.9125353097915649,204.0,0.9125353097915649,solid,sampled
04,Section 4,4,0.9089906215667725,205.0,0.9089906215667725,solid,sampled
04,Section 4,4,0.8967953324317932,206.0,0.8967953324317932,solid,sampled
04,Section 4,4,0.8859075307846069,207.0,0.8859075307846069,solid,sampled
04,Section 4,4,0.8758152723312378,208.0,0.8758152723312378,solid,sampled
04,Section 4,4,0.8590584993362427,209.0,0.8590584993362427,solid,sampled
04,Section 4,4,0.8425179719924927,210.0,0.8425179719924927,solid,sampled
04,Section 4,4,0.8300628662109375,211.0,0.8300628662109375,solid,sampled
04,Section 4,4,0.8149836659431458,212.0,0.8149836659431458,solid,sampled
04,Section 4,4,0.7942632436752319,213.0,0.7942632436752319,solid,sampled
04,Section 4,4,0.7824271321296692,214.0,0.7824271321296692,solid,sampled
04,Section 4,4,0.7774559855461121,215.0,0.7774559855461121,solid,sampled
04,Section 4,4,0.7664867639541626,216.0,0.7664867639541626,solid,sampled
04,Section 4,4,0.7491158843040466,217.0,0.7491158843040466,solid,sampled
04,Section 4,4,0.740498423576355,218.0,0.740498423576355,solid,sampled
04,Section 4,4,0.7220163345336914,219.0,0.7220163345336914,solid,sampled
04,Section 4,4,0.6968426704406738,220.0,0.6968426704406738,solid,sampled
04,Section 4,4,0.6833004355430603,221.0,0.6833004355430603,solid,sampled
04,Section 4,4,0.6737604141235352,222.0,0.6737604141235352,solid,sampled
04,Section 4,4,0.652287483215332,223.0,0.652287483215332,solid,sampled
04,Section 4,4,0.6448593139648438,224.0,0.6448593139648438,solid,sampled
04,Section 4,4,0.6328113675117493,225.0,0.6328113675117493,solid,sampled
04,Section 4,4,0.6163498163223267,226.0,0.6163498163223267,solid,sampled
04,Section 4,4,0.6020612120628357,227.0,0.6020612120628357,solid,sampled
04,Section 4,4,0.5812734365463257,228.0,0.5812734365463257,solid,sampled
04,Section 4,4,0.577420175075531,229.0,0.577420175075531,solid,sampled
04,Section 4,4,0.5527725219726562,230.0,0.5527725219726562,solid,sampled
04,Section 4,4,0.533437967300415,231.0,0.533437967300415,solid,sampled
04,Section 4,4,0.518989086151123,232.0,0.518989086151123,solid,sampled
04,Section 4,4,0.5019985437393188,233.0,0.5019985437393188,solid,sampled
04,Section 4,4,0.48914244771003723,234.0,0.48914244771003723,solid,sampled
04,Section 4,4,0.466617226600647,235.0,0.466617226600647,solid,sampled
04,Section 4,4,0.44748252630233765,236.0,0.44748252630233765,solid,sampled
04,Section 4,4,0.4396158456802368,237.0,0.4396158456802368,solid,sampled
04,Section 4,4,0.4266415238380432,238.0,0.4266415238380432,solid,sampled
04,Section 4,4,0.4096742868423462,239.0,0.4096742868423462,solid,sampled
04,Section 4,4,0.385944128036499,240.0,0.385944128036499,solid,sampled
04,Section 4,4,0.3639910817146301,241.0,0.3639910817146301,solid,sampled
04,Section 4,4,0.35098105669021606,242.0,0.35098105669021606,solid,sampled
04,Section 4,4,0.33884263038635254,243.0,0.33884263038635254,solid,sampled
04,Section 4,4,0.31638339161872864,244.0,0.31638339161872864,solid,sampled
04,Section 4,4,0.29689455032348633,245.0,0.29689455032348633,solid,sampled
04,Section 4,4,0.2798295021057129,246.0,0.2798295021057129,solid,sampled
04,Section 4,4,0.2707368731498718,247.0,0.2707368731498718,solid,sampled
04,Section 4,4,0.2595463991165161,248.0,0.2595463991165161,solid,sampled
04,Section 4,4,0.2484569549560547,249.0,0.2484569549560547,solid,sampled
04,Section 4,4,0.22977590560913086,250.0,0.22977590560913086,solid,sampled
04,Section 4,4,0.21265681087970734,251.0,0.21265681087970734,solid,sampled
04,Section 4,4,0.2107166051864624,252.0,0.2107166051864624,solid,sampled
04,Section 4,4,0.2047417163848877,253.0,0.2047417163848877,solid,sampled
04,Section 4,4,0.19548702239990234,254.0,0.19548702239990234,solid,sampled
04,Section 4,4,0.1924668699502945,255.0,0.1924668699502945,solid,sampled
04,Section 4,4,0.18245267868041992,256.0,0.18245267868041992,solid,sampled
04,Section 4,4,0.17168883979320526,257.0,0.17168883979320526,solid,sampled
04,Section 4,4,0.15695485472679138,258.0,0.15695485472679138,solid,sampled
04,Section 4,4,0.14210203289985657,259.0,0.14210203289985657,solid,sampled
04,Section 4,4,0.13030597567558289,260.0,0.13030597567558289,solid,sampled
04,Section 4,4,0.12353384494781494,261.0,0.12353384494781494,solid,sampled
04,Section 4,4,0.11633297801017761,262.0,0.11633297801017761,solid,sampled
04,Section 4,4,0.10602831840515137,263.0,0.10602831840515137,solid,sampled
04,Section 4,4,0.09255129098892212,264.0,0.09255129098892212,solid,sampled
04,Section 4,4,0.08527013659477234,265.0,0.08527013659477234,solid,sampled
04,Section 4,4,0.08268424868583679,266.0,0.08268424868583679,solid,sampled
04,Section 4,4,0.06941329687833786,267.0,0.06941329687833786,solid,sampled
04,Section 4,4,0.066661536693573,268.0,0.066661536693573,solid,sampled
04,Section 4,4,0.0719163715839386,269.0,0.0719163715839386,solid,sampled
04,Section 4,4,0.043190598487854004,270.0,0.043190598487854004,solid,sampled
04,Section 4,4,0.031040877103805542,271.0,0.031040877103805542,solid,sampled
04,Section 4,4,0.019929349422454834,272.0,0.019929349422454834,solid,sampled
04,Section 4,4,0.01482585072517395,273.0,0.01482585072517395,solid,sampled
04,Section 4,4,0.004898250102996826,274.0,0.004898250102996826,solid,sampled
04,Section 4,4,-0.004790782928466797,275.0,-0.004790782928466797,solid,sampled
04,Section 4,4,-0.010884948074817657,276.0,-0.010884948074817657,solid,sampled
04,Section 4,4,-0.017867811024188995,277.0,-0.017867811024188995,solid,sampled
04,Section 4,4,-0.030245311558246613,278.0,-0.030245311558246613,solid,sampled
04,Section 4,4,-0.0287398099899292,279.0,-0.0287398099899292,solid,sampled
04,Section 4,4,-0.037393718957901,280.0,-0.037393718957901,solid,sampled
04,Section 4,4,-0.040244489908218384,281.0,-0.040244489908218384,solid,sampled
04,Section 4,4,-0.04048919677734375,282.0,-0.04048919677734375,solid,sampled
04,Section 4,4,-0.059545665979385376,283.0,-0.059545665979385376,solid,sampled
04,Section 4,4,-0.0648803636431694,284.0,-0.0648803636431694,solid,sampled
04,Section 4,4,-0.0729202926158905,285.0,-0.0729202926158905,solid,sampled
04,Section 4,4,-0.08516335487365723,286.0,-0.08516335487365723,solid,sampled
04,Section 4,4,-0.08693768084049225,287.0,-0.08693768084049225,solid,sampled
04,Section 4,4,-0.0908886194229126,288.0,-0.0908886194229126,solid,sampled
04,Section 4,4,-0.10540023446083069,289.0,-0.10540023446083069,solid,sampled
04,Section 4,4,-0.11170130968093872,290.0,-0.11170130968093872,solid,sampled
04,Section 4,4,-0.10626095533370972,291.0,-0.10626095533370972,solid,sampled
04,Section 4,4,-0.10280147939920425,292.0,-0.10280147939920425,solid,sampled
04,Section 4,4,-0.11435241997241974,293.0,-0.11435241997241974,solid,sampled
04,Section 4,4,-0.13235244154930115,294.0,-0.13235244154930115,solid,sampled
04,Section 4,4,-0.13988390564918518,295.0,-0.13988390564918518,solid,sampled
04,Section 4,4,-0.1379672884941101,296.0,-0.1379672884941101,solid,sampled
04,Section 4,4,-0.14388620853424072,297.0,-0.14388620853424072,solid,sampled
04,Section 4,4,-0.1527157872915268,298.0,-0.1527157872915268,solid,sampled
04,Section 4,4,-0.15887227654457092,299.0,-0.15887227654457092,solid,sampled
04,Section 4,4,-0.16793754696846008,300.0,-0.16793754696846008,solid,sampled
04,Section 4,4,-0.17551641166210175,301.0,-0.17551641166210175,solid,sampled
04,Section 4,4,-0.17021289467811584,302.0,-0.17021289467811584,solid,sampled
04,Section 4,4,-0.17630821466445923,303.0,-0.17630821466445923,solid,sampled
04,Section 4,4,-0.18713673949241638,304.0,-0.18713673949241638,solid,sampled
04,Section 4,4,-0.20565038919448853,305.0,-0.20565038919448853,solid,sampled
04,Section 4,4,-0.20539921522140503,306.0,-0.20539921522140503,solid,sampled
04,Section 4,4,-0.20666436851024628,307.0,-0.20666436851024628,solid,sampled
04,Section 4,4,-0.22888928651809692,308.0,-0.22888928651809692,solid,sampled
04,Section 4,4,-0.22435158491134644,309.0,-0.22435158491134644,solid,sampled
04,Section 4,4,-0.21980740129947662,310.0,-0.21980740129947662,solid,sampled
04,Section 4,4,-0.21309074759483337,311.0,-0.21309074759483337,solid,sampled
04,Section 4,4,-0.24629636108875275,312.0,-0.24629636108875275,solid,sampled
04,Section 4,4,-0.22849780321121216,313.0,-0.22849780321121216,solid,sampled
04,Section 4,4,-0.22433388233184814,314.0,-0.22433388233184814,solid,sampled
04,Section 4,4,-0.2235143482685089,315.0,-0.2235143482685089,solid,sampled
04,Section 4,4,-0.23999443650245667,316.0,-0.23999443650245667,solid,sampled
04,Section 4,4,-0.2254467010498047,317.0,-0.2254467010498047,solid,sampled
04,Section 4,4,-0.21781912446022034,318.0,-0.21781912446022034,solid,sampled
04,Section 4,4,-0.2127062827348709,319.0,-0.2127062827348709,solid,sampled
04,Section 4,4,-0.2136525809764862,320.0,-0.2136525809764862,solid,sampled
04,Section 4,4,-0.20245712995529175,321.0,-0.20245712995529175,solid,sampled
04,Section 4,4,-0.20773735642433167,322.0,-0.20773735642433167,solid,sampled
04,Section 4,4,-0.1954479217529297,323.0,-0.1954479217529297,solid,sampled
04,Section 4,4,-0.20068541169166565,324.0,-0.20068541169166565,solid,sampled
04,Section 4,4,-0.20925360918045044,325.0,-0.20925360918045044,solid,sampled
04,Section 4,4,-0.2185770869255066,326.0,-0.2185770869255066,solid,sampled
04,Section 4,4,-0.2276822328567505,327.0,-0.2276822328567505,solid,sampled
04,Section 4,4,-0.24888142943382263,328.0,-0.24888142943382263,solid,sampled
04,Section 4,4,-0.25299444794654846,329.0,-0.25299444794654846,solid,sampled
04,Section 4,4,-0.26876187324523926,330.0,-0.26876187324523926,solid,sampled
04,Section 4,4,-0.27654749155044556,331.0,-0.27654749155044556,solid,sampled
04,Section 4,4,-0.2823502719402313,332.0,-0.2823502719402313,solid,sampled
04,Section 4,4,-0.3011820912361145,333.0,-0.3011820912361145,solid,sampled
04,Section 4,4,-0.3135746121406555,334.0,-0.3135746121406555,solid,sampled
04,Section 4,4,-0.3331930637359619,335.0,-0.3331930637359619,solid,sampled
04,Section 4,4,-0.3510183095932007,336.0,-0.3510183095932007,solid,sampled
04,Section 4,4,-0.34988391399383545,337.0,-0.34988391399383545,solid,sampled
04,Section 4,4,-0.355663537979126,338.0,-0.355663537979126,solid,sampled
04,Section 4,4,-0.3662039041519165,339.0,-0.3662039041519165,solid,sampled
04,Section 4,4,-0.3860970139503479,340.0,-0.3860970139503479,solid,sampled
04,Section 4,4,-0.38874363899230957,341.0,-0.38874363899230957,solid,sampled
04,Section 4,4,-0.40420055389404297,342.0,-0.40420055389404297,solid,sampled
04,Section 4,4,-0.4168088436126709,343.0,-0.4168088436126709,solid,sampled
04,Section 4,4,-0.43297117948532104,344.0,-0.43297117948532104,solid,sampled
04,Section 4,4,-0.4405568242073059,345.0,-0.4405568242073059,solid,sampled
04,Section 4,4,-0.4639427065849304,346.0,-0.4639427065849304,solid,sampled
04,Section 4,4,-0.4788575768470764,347.0,-0.4788575768470764,solid,sampled
04,Section 4,4,-0.480613648891449,348.0,-0.480613648891449,solid,sampled
04,Section 4,4,-0.49685925245285034,349.0,-0.49685925245285034,solid,sampled
04,Section 4,4,-0.5241664052009583,350.0,-0.5241664052009583,solid,sampled
04,Section 4,4,-0.538266658782959,351.0,-0.538266658782959,solid,sampled
04,Section 4,4,-0.5580820441246033,352.0,-0.5580820441246033,solid,sampled
04,Section 4,4,-0.5775034427642822,353.0,-0.5775034427642822,solid,sampled
04,Section 4,4,-0.591772735118866,354.0,-0.591772735118866,solid,sampled
04,Section 4,4,-0.6187443137168884,355.0,-0.6187443137168884,solid,sampled
04,Section 4,4,-0.63480144739151,356.0,-0.63480144739151,solid,sampled
04,Section 4,4,-0.6499953269958496,357.0,-0.6499953269958496,solid,sampled
04,Section 4,4,-0.6687256097793579,358.0,-0.6687256097793579,solid,sampled
04,Section 4,4,-0.6810761094093323,359.0,-0.6810761094093323,solid,sampled
04,Section 4,4,-0.7051214575767517,360.0,-0.7051214575767517,solid,sampled
04,Section 4,4,-0.7137060165405273,361.0,-0.7137060165405273,solid,sampled
04,Section 4,4,-0.7370022535324097,362.0,-0.7370022535324097,solid,sampled
04,Section 4,4,-0.7521259784698486,363.0,-0.7521259784698486,solid,sampled
04,Section 4,4,-0.7671706676483154,364.0,-0.7671706676483154,solid,sampled
04,Section 4,4,-0.7791814208030701,365.0,-0.7791814208030701,solid,sampled
04,Section 4,4,-0.7943955659866333,366.0,-0.7943955659866333,solid,sampled
04,Section 4,4,-0.805762529373169,367.0,-0.805762529373169,solid,sampled
04,Section 4,4,-0.8216652870178223,368.0,-0.8216652870178223,solid,sampled
04,Section 4,4,-0.8407682180404663,369.0,-0.8407682180404663,solid,sampled
04,Section 4,4,-0.8500385284423828,370.0,-0.8500385284423828,solid,sampled
04,Section 4,4,-0.8632329702377319,371.0,-0.8632329702377319,solid,sampled
04,Section 4,4,-0.867736279964447,372.0,-0.867736279964447,solid,sampled
04,Section 4,4,-0.8864274621009827,373.0,-0.8864274621009827,solid,sampled
04,Section 4,4,-0.897374153137207,374.0,-0.897374153137207,solid,sampled
04,Section 4,4,-0.9044411182403564,375.0,-0.9044411182403564,solid,sampled
04,Section 4,4,-0.9161631464958191,376.0,-0.9161631464958191,solid,sampled
04,Section 4,4,-0.9127112627029419,377.0,-0.9127112627029419,solid,sampled
04,Section 4,4,-0.9335267543792725,378.0,-0.9335267543792725,solid,sampled
04,Section 4,4,-0.9332937598228455,379.0,-0.9332937598228455,solid,sampled
04,Section 4,4,-0.9373213052749634,380.0,-0.9373213052749634,solid,sampled
04,Section 4,4,-0.9354870319366455,381.0,-0.9354870319366455,solid,sampled
04,Section 4,4,-0.9277862310409546,382.0,-0.9277862310409546,solid,sampled
04,Section 4,4,-0.9216393828392029,383.0,-0.9216393828392029,solid,sampled
04,Section 4,4,-0.9094467163085938,384.0,-0.9094467163085938,solid,sampled
04,Section 4,4,-0.9077309370040894,385.0,-0.9077309370040894,solid,sampled
04,Section 4,4,-0.9062045812606812,386.0,-0.9062045812606812,solid,sampled
04,Section 4,4,-0.8961551189422607,387.0,-0.8961551189422607,solid,sampled
04,Section 4,4,-0.8823612928390503,388.0,-0.8823612928390503,solid,sampled
04,Section 4,4,-0.8944674730300903,389.0,-0.8944674730300903,solid,sampled
04,Section 4,4,-0.8768360614776611,390.0,-0.8768360614776611,solid,sampled
04,Section 4,4,-0.8756165504455566,391.0,-0.8756165504455566,solid,sampled
04,Section 4,4,-0.8734123706817627,392.0,-0.8734123706817627,solid,sampled
04,Section 4,4,-0.8708266615867615,393.0,-0.8708266615867615,solid,sampled
04,Section 4,4,-0.8850893378257751,394.0,-0.8850893378257751,solid,sampled
04,Section 4,4,-0.8821069598197937,395.0,-0.8821069598197937,solid,sampled
04,Section 4,4,-0.8883838653564453,396.0,-0.8883838653564453,solid,sampled
04,Section 4,4,-0.8977499604225159,397.0,-0.8977499604225159,solid,sampled
04,Section 4,4,-0.9113893508911133,398.0,-0.9113893508911133,solid,sampled
04,Section 4,4,-0.9252446889877319,399.0,-0.9252446889877319,solid,sampled
04,Section 4,4,-0.9391229152679443,400.0,-0.9391229152679443,solid,sampled
04,Section 4,4,-0.9677429795265198,401.0,-0.9677429795265198,solid,sampled
04,Section 4,4,-0.9670347571372986,402.0,-0.9670347571372986,solid,sampled
04,Section 4,4,-0.9884963631629944,403.0,-0.9884963631629944,solid,sampled
04,Section 4,4,-1.0016505718231201,404.0,-1.0016505718231201,solid,sampled
04,Section 4,4,-1.0166435241699219,405.0,-1.0166435241699219,solid,sampled
04,Section 4,4,-1.029317855834961,406.0,-1.029317855834961,solid,sampled
04,Section 4,4,-1.064620018005371,407.0,-1.064620018005371,solid,sampled
04,Section 4,4,-1.082425832748413,408.0,-1.082425832748413,solid,sampled
04,Section 4,4,-1.0646742582321167,409.0,-1.0646742582321167,solid,sampled
04,Section 4,4,-1.135303020477295,410.0,-1.135303020477295,solid,sampled
04,Section 4,4,-1.1557912826538086,411.0,-1.1557912826538086,solid,sampled
04,Section 4,4,-1.1544193029403687,412.0,-1.1544193029403687,solid,sampled
04,Section 4,4,-1.203171968460083,413.0,-1.203171968460083,solid,sampled
04,Section 4,4,-1.289130687713623,414.0,-1.289130687713623,solid,sampled
04,Section 4,4,-1.3224246501922607,415.0,-1.3224246501922607,solid,sampled
04,Section 4,4,-1.3095024824142456,416.0,-1.3095024824142456,solid,sampled
04,Section 4,4,-1.2978328466415405,417.0,-1.2978328466415405,solid,sampled
04,Section 4,4,-1.6439425945281982,418.0,-1.6439425945281982,solid,sampled
04,Section 4,4,-1.584858775138855,419.0,-1.584858775138855,solid,sampled
04,Section 4,4,-3.0,420.0,-10.234153747558594,solid,water_floor
04,Section 4,4,-3.0,421.0,-16.944671630859375,solid,water_floor
04,Section 4,4,-3.0,422.0,-17.04827308654785,solid,water_floor
04,Section 4,4,-3.0,423.0,-12.275068283081055,solid,water_floor
04,Section 4,4,-3.0,424.0,-16.272371292114258,solid,water_floor
04,Section 4,4,-3.0,425.0,-16.569978713989258,solid,water_floor
04,Section 4,4,-3.0,426.0,-25.728389739990234,solid,water_floor
04,Section 4,4,-3.0,427.0,-26.83190155029297,solid,water_floor
04,Section 4,4,-3.0,428.0,-22.113475799560547,solid,water_floor
04,Section 4,4,-3.0,429.0,-18.09760284423828,solid,water_floor
04,Section 4,4,-3.0,430.0,-32.86400604248047,solid,water_floor
04,Section 4,4,-3.0,431.0,-36.97251892089844,solid,water_floor
04,Section 4,4,-3.0,432.0,-38.5462646484375,solid,water_floor
04,Section 4,4,-3.0,433.0,-40.69684600830078,solid,water_floor
04,Section 4,4,-3.0,434.0,-49.062740325927734,solid,water_floor
04,Section 4,4,-3.0,435.0,-47.440650939941406,solid,water_floor
04,Section 4,4,-3.0,436.0,-48.24844741821289,solid,water_floor
04,Section 4,4,-3.0,437.0,-41.150177001953125,solid,water_floor
04,Section 4,4,-3.0,438.0,-48.14729690551758,solid,water_floor
04,Section 4,4,-3.0,439.0,-61.49730682373047,solid,water_floor
04,Section 4,4,-3.0,440.0,-54.7930908203125,solid,water_floor
04,Section 4,4,-3.0,441.0,-51.90947341918945,solid,water_floor
04,Section 4,4,-3.0,442.0,-49.75587463378906,solid,water_floor
04,Section 4,4,-3.0,443.0,-52.62023162841797,solid,water_floor
04,Section 4,4,-3.0,444.0,-59.474151611328125,solid,water_floor
04,Section 4,4,-3.0,445.0,-60.009918212890625,solid,water_floor
04,Section 4,4,-3.0,446.0,-65.78214263916016,solid,water_floor
04,Section 4,4,-3.0,447.0,-49.7492790222168,solid,water_floor
04,Section 4,4,-3.0,448.0,-68.9601058959961,solid,water_floor
04,Section 4,4,-3.0,449.0,-57.60499954223633,solid,water_floor
04,Section 4,4,-3.0,450.0,-40.20454788208008,solid,water_floor
04,Section 4,4,-3.0,451.0,-59.52878952026367,solid,water_floor
04,Section 4,4,-3.0,452.0,-69.5423583984375,solid,water_floor
04,Section 4,4,-3.0,453.0,-64.11766815185547,solid,water_floor
04,Section 4,4,-3.0,454.0,-66.34125518798828,solid,water_floor
04,Section 4,4,-3.0,455.0,-73.97042846679688,solid,water_floor
04,Section 4,4,-3.0,456.0,-69.74990844726562,solid,water_floor
04,Section 4,4,-3.0,457.0,-67.87806701660156,solid,water_floor
04,Section 4,4,-3.0,458.0,-69.92692565917969,solid,water_floor
04,Section 4,4,-3.0,459.0,-56.17841720581055,solid,water_floor
04,Section 4,4,-3.0,460.0,-66.67005157470703,solid,water_floor
04,Section 4,4,-3.0,461.0,-65.61111450195312,solid,water_floor
04,Section 4,4,-3.0,462.0,-72.43021392822266,solid,water_floor
04,Section 4,4,-3.0,463.0,-64.61988830566406,solid,water_floor
04,Section 4,4,-3.0,464.0,-71.0735092163086,solid,water_floor
04,Section 4,4,-3.0,465.0,-69.97323608398438,solid,water_floor
04,Section 4,4,-3.0,466.0,-80.33489990234375,solid,water_floor
04,Section 4,4,-3.0,467.0,-66.60028839111328,solid,water_floor
04,Section 4,4,-3.0,468.0,-74.27185821533203,solid,water_floor
04,Section 4,4,-3.0,469.0,-72.1043930053711,solid,water_floor
04,Section 4,4,-3.0,470.0,-86.08464813232422,solid,water_floor
04,Section 4,4,-3.0,471.0,-73.55740356445312,solid,water_floor
04,Section 4,4,-3.0,472.0,-79.63911437988281,solid,water_floor
04,Section 4,4,-3.0,473.0,-81.86856842041016,solid,water_floor
04,Section 4,4,-3.0,474.0,-83.166015625,solid,water_floor
04,Section 4,4,-3.0,475.0,-79.94418334960938,solid,water_floor
04,Section 4,4,-3.0,476.0,-79.54926300048828,solid,water_floor
04,Section 4,4,-3.0,477.0,-89.61185455322266,solid,water_floor
04,Section 4,4,-3.0,478.0,-88.01189422607422,solid,water_floor
04,Section 4,4,-3.0,479.0,-95.05741119384766,solid,water_floor
04,Section 4,4,-3.0,480.0,-89.57225799560547,solid,water_floor
04,Section 4,4,-3.0,481.0,-90.31742095947266,solid,water_floor
04,Section 4,4,-3.0,482.0,-85.74571228027344,solid,water_floor
04,Section 4,4,0.0,483.0,,dotted,null_fill
04,Section 4,4,0.0,484.0,,dotted,null_fill
04,Section 4,4,0.0,485.0,,dotted,null_fill
04,Section 4,4,0.0,486.0,,dotted,null_fill
04,Section 4,4,0.0,487.0,,dotted,null_fill
04,Section 4,4,0.0,488.0,,dotted,null_fill
04,Section 4,4,0.0,489.0,,dotted,null_fill
04,Section 4,4,0.0,490.0,,dotted,null_fill
04,Section 4,4,0.0,491.0,,dotted,null_fill
04,Section 4,4,0.0,492.0,,dotted,null_fill
04,Section 4,4,0.0,493.0,,dotted,null_fill
04,Section 4,4,0.0,494.0,,dotted,null_fill
04,Section 4,4,0.0,495.0,,dotted,null_fill
04,Section 4,4,0.0,496.0,,dotted,null_fill
04,Section 4,4,0.0,497.0,,dotted,null_fill
04,Section 4,4,0.0,498.0,,dotted,null_fill
04,Section 4,4,0.0,498.208058,,dotted,null_fill
