section_id,label,sort_order,height_m,distance_m,raw_height_m,line_style,value_state
section 1,south,1,0.0,0.0,,dotted,null_fill
section 1,south,1,0.0,1.0,,dotted,null_fill
section 1,south,1,0.0,2.0,,dotted,null_fill
section 1,south,1,0.0,3.0,,dotted,null_fill
section 1,south,1,0.0,4.0,,dotted,null_fill
section 1,south,1,0.0,5.0,,dotted,null_fill
section 1,south,1,0.0,6.0,,dotted,null_fill
section 1,south,1,0.0,7.0,,dotted,null_fill
section 1,south,1,0.0,8.0,,dotted,null_fill
section 1,south,1,0.0,9.0,,dotted,null_fill
section 1,south,1,0.0,10.0,,dotted,null_fill
section 1,south,1,0.0,11.0,,dotted,null_fill
section 1,south,1,0.0,12.0,,dotted,null_fill
section 1,south,1,0.0,13.0,,dotted,null_fill
section 1,south,1,0.0,14.0,,dotted,null_fill
section 1,south,1,0.0,15.0,,dotted,null_fill
section 1,south,1,0.0,16.0,,dotted,null_fill
section 1,south,1,0.0,17.0,,dotted,null_fill
section 1,south,1,0.0,18.0,,dotted,null_fill
section 1,south,1,0.0,19.0,,dotted,null_fill
section 1,south,1,0.0,20.0,,dotted,null_fill
section 1,south,1,0.0,21.0,,dotted,null_fill
section 1,south,1,0.0,22.0,,dotted,null_fill
section 1,south,1,0.0,23.0,,dotted,null_fill
section 1,south,1,0.0,24.0,,dotted,null_fill
section 1,south,1,0.0,25.0,,dotted,null_fill
section 1,south,1,2.0905046463012695,26.0,2.0905046463012695,solid,sampled
section 1,south,1,2.081681728363037,27.0,2.081681728363037,solid,sampled
section 1,south,1,2.07324481010437,28.0,2.07324481010437,solid,sampled
section 1,south,1,2.071415901184082,29.0,2.071415901184082,solid,sampled
section 1,south,1,2.0668201446533203,30.0,2.0668201446533203,solid,sampled
section 1,south,1,2.0579943656921387,31.0,2.0579943656921387,solid,sampled
section 1,south,1,2.0558197498321533,32.0,2.0558197498321533,solid,sampled
section 1,south,1,2.0505497455596924,33.0,2.0505497455596924,solid,sampled
section 1,south,1,2.0107436180114746,34.0,2.0107436180114746,solid,sampled
section 1,south,1,1.9964518547058105,35.0,1.9964518547058105,solid,sampled
section 1,south,1,1.9901379346847534,36.0,1.9901379346847534,solid,sampled
section 1,south,1,1.9863104820251465,37.0,1.9863104820251465,solid,sampled
section 1,south,1,1.9943376779556274,38.0,1.9943376779556274,solid,sampled
section 1,south,1,2.003162145614624,39.0,2.003162145614624,solid,sampled
section 1,south,1,1.9885307550430298,40.0,1.9885307550430298,solid,sampled
section 1,south,1,1.993708610534668,41.0,1.993708610534668,solid,sampled
section 1,south,1,1.9894893169403076,42.0,1.9894893169403076,solid,sampled
section 1,south,1,1.9777436256408691,43.0,1.9777436256408691,solid,sampled
section 1,south,1,1.9715697765350342,44.0,1.9715697765350342,solid,sampled
section 1,south,1,1.972237467765808,45.0,1.972237467765808,solid,sampled
section 1,south,1,1.9619114398956299,46.0,1.9619114398956299,solid,sampled
section 1,south,1,1.948530912399292,47.0,1.948530912399292,solid,sampled
section 1,south,1,1.9305150508880615,48.0,1.9305150508880615,solid,sampled
section 1,south,1,1.9149243831634521,49.0,1.9149243831634521,solid,sampled
section 1,south,1,1.8994460105895996,50.0,1.8994460105895996,solid,sampled
section 1,south,1,1.8935015201568604,51.0,1.8935015201568604,solid,sampled
section 1,south,1,1.8817694187164307,52.0,1.8817694187164307,solid,sampled
section 1,south,1,1.8750178813934326,53.0,1.8750178813934326,solid,sampled
section 1,south,1,1.8889985084533691,54.0,1.8889985084533691,solid,sampled
section 1,south,1,1.9142353534698486,55.0,1.9142353534698486,solid,sampled
section 1,south,1,1.903668999671936,56.0,1.903668999671936,solid,sampled
section 1,south,1,1.8906381130218506,57.0,1.8906381130218506,solid,sampled
section 1,south,1,1.8415613174438477,58.0,1.8415613174438477,solid,sampled
section 1,south,1,1.829390287399292,59.0,1.829390287399292,solid,sampled
section 1,south,1,1.8306496143341064,60.0,1.8306496143341064,solid,sampled
section 1,south,1,1.8111658096313477,61.0,1.8111658096313477,solid,sampled
section 1,south,1,1.7645167112350464,62.0,1.7645167112350464,solid,sampled
section 1,south,1,1.7282394170761108,63.0,1.7282394170761108,solid,sampled
section 1,south,1,1.6876180171966553,64.0,1.6876180171966553,solid,sampled
section 1,south,1,1.703857660293579,65.0,1.703857660293579,solid,sampled
section 1,south,1,1.7044095993041992,66.0,1.7044095993041992,solid,sampled
section 1,south,1,1.7050292491912842,67.0,1.7050292491912842,solid,sampled
section 1,south,1,1.700484275817871,68.0,1.700484275817871,solid,sampled
section 1,south,1,1.701615333557129,69.0,1.701615333557129,solid,sampled
section 1,south,1,1.6980297565460205,70.0,1.6980297565460205,solid,sampled
section 1,south,1,1.6639207601547241,71.0,1.6639207601547241,solid,sampled
section 1,south,1,1.666022539138794,72.0,1.666022539138794,solid,sampled
section 1,south,1,1.6563669443130493,73.0,1.6563669443130493,solid,sampled
section 1,south,1,1.6313852071762085,74.0,1.6313852071762085,solid,sampled
section 1,south,1,1.6068274974822998,75.0,1.6068274974822998,solid,sampled
section 1,south,1,1.5947229862213135,76.0,1.5947229862213135,solid,sampled
section 1,south,1,1.5775659084320068,77.0,1.5775659084320068,solid,sampled
section 1,south,1,1.574423909187317,78.0,1.574423909187317,solid,sampled
section 1,south,1,1.5628682374954224,79.0,1.5628682374954224,solid,sampled
section 1,south,1,1.5525813102722168,80.0,1.5525813102722168,solid,sampled
section 1,south,1,1.5721924304962158,81.0,1.5721924304962158,solid,sampled
section 1,south,1,1.5696133375167847,82.0,1.5696133375167847,solid,sampled
section 1,south,1,1.5838009119033813,83.0,1.5838009119033813,solid,sampled
section 1,south,1,1.6023008823394775,84.0,1.6023008823394775,solid,sampled
section 1,south,1,1.62680983543396,85.0,1.62680983543396,solid,sampled
section 1,south,1,1.639963150024414,86.0,1.639963150024414,solid,sampled
section 1,south,1,1.6781551837921143,87.0,1.6781551837921143,solid,sampled
section 1,south,1,1.7489334344863892,88.0,1.7489334344863892,solid,sampled
section 1,south,1,1.7816290855407715,89.0,1.7816290855407715,solid,sampled
section 1,south,1,1.7831404209136963,90.0,1.7831404209136963,solid,sampled
section 1,south,1,1.7878193855285645,91.0,1.7878193855285645,solid,sampled
section 1,south,1,1.7889888286590576,92.0,1.7889888286590576,solid,sampled
section 1,south,1,1.7913533449172974,93.0,1.7913533449172974,solid,sampled
section 1,south,1,1.791227102279663,94.0,1.791227102279663,solid,sampled
section 1,south,1,1.7901723384857178,95.0,1.7901723384857178,solid,sampled
section 1,south,1,1.7963707447052002,96.0,1.7963707447052002,solid,sampled
section 1,south,1,1.7926915884017944,97.0,1.7926915884017944,solid,sampled
section 1,south,1,1.7888166904449463,98.0,1.7888166904449463,solid,sampled
section 1,south,1,1.793270468711853,99.0,1.793270468711853,solid,sampled
section 1,south,1,1.7918524742126465,100.0,1.7918524742126465,solid,sampled
section 1,south,1,1.7959730625152588,101.0,1.7959730625152588,solid,sampled
section 1,south,1,1.7920277118682861,102.0,1.7920277118682861,solid,sampled
section 1,south,1,1.7933802604675293,103.0,1.7933802604675293,solid,sampled
section 1,south,1,1.7951579093933105,104.0,1.7951579093933105,solid,sampled
section 1,south,1,1.797116756439209,105.0,1.797116756439209,solid,sampled
section 1,south,1,1.794805645942688,106.0,1.794805645942688,solid,sampled
section 1,south,1,1.7946857213974,107.0,1.7946857213974,solid,sampled
section 1,south,1,1.7925212383270264,108.0,1.7925212383270264,solid,sampled
section 1,south,1,1.7890677452087402,109.0,1.7890677452087402,solid,sampled
section 1,south,1,1.7887412309646606,110.0,1.7887412309646606,solid,sampled
section 1,south,1,1.7872400283813477,111.0,1.7872400283813477,solid,sampled
section 1,south,1,1.7862744331359863,112.0,1.7862744331359863,solid,sampled
section 1,south,1,1.7887213230133057,113.0,1.7887213230133057,solid,sampled
section 1,south,1,1.7893223762512207,114.0,1.7893223762512207,solid,sampled
section 1,south,1,1.7824074029922485,115.0,1.7824074029922485,solid,sampled
section 1,south,1,1.7856709957122803,116.0,1.7856709957122803,solid,sampled
section 1,south,1,1.7813844680786133,117.0,1.7813844680786133,solid,sampled
section 1,south,1,1.7790964841842651,118.0,1.7790964841842651,solid,sampled
section 1,south,1,1.7695765495300293,119.0,1.7695765495300293,solid,sampled
section 1,south,1,1.7630586624145508,120.0,1.7630586624145508,solid,sampled
section 1,south,1,1.7521578073501587,121.0,1.7521578073501587,solid,sampled
section 1,south,1,1.739802598953247,122.0,1.739802598953247,solid,sampled
section 1,south,1,1.7274185419082642,123.0,1.7274185419082642,solid,sampled
section 1,south,1,1.7108081579208374,124.0,1.7108081579208374,solid,sampled
section 1,south,1,1.717379093170166,125.0,1.717379093170166,solid,sampled
section 1,south,1,1.7370003461837769,126.0,1.7370003461837769,solid,sampled
section 1,south,1,1.746810793876648,127.0,1.746810793876648,solid,sampled
section 1,south,1,1.69922935962677,128.0,1.69922935962677,solid,sampled
section 1,south,1,1.5670439004898071,129.0,1.5670439004898071,solid,sampled
section 1,south,1,1.4620822668075562,130.0,1.4620822668075562,solid,sampled
section 1,south,1,1.4322052001953125,131.0,1.4322052001953125,solid,sampled
section 1,south,1,1.4658966064453125,132.0,1.4658966064453125,solid,sampled
section 1,south,1,1.4904232025146484,133.0,1.4904232025146484,solid,sampled
section 1,south,1,1.5057035684585571,134.0,1.5057035684585571,solid,sampled
section 1,south,1,1.5835250616073608,135.0,1.5835250616073608,solid,sampled
section 1,south,1,1.6662774085998535,136.0,1.6662774085998535,solid,sampled
section 1,south,1,1.6932144165039062,137.0,1.6932144165039062,solid,sampled
section 1,south,1,1.6964366436004639,138.0,1.6964366436004639,solid,sampled
section 1,south,1,1.7038209438323975,139.0,1.7038209438323975,solid,sampled
section 1,south,1,1.7130444049835205,140.0,1.7130444049835205,solid,sampled
section 1,south,1,1.7231557369232178,141.0,1.7231557369232178,solid,sampled
section 1,south,1,1.7317900657653809,142.0,1.7317900657653809,solid,sampled
section 1,south,1,1.7329418659210205,143.0,1.7329418659210205,solid,sampled
section 1,south,1,1.7436864376068115,144.0,1.7436864376068115,solid,sampled
section 1,south,1,1.7455579042434692,145.0,1.7455579042434692,solid,sampled
section 1,south,1,1.744927167892456,146.0,1.744927167892456,solid,sampled
section 1,south,1,1.750011920928955,147.0,1.750011920928955,solid,sampled
section 1,south,1,1.7527775764465332,148.0,1.7527775764465332,solid,sampled
section 1,south,1,1.7480990886688232,149.0,1.7480990886688232,solid,sampled
section 1,south,1,1.7429299354553223,150.0,1.7429299354553223,solid,sampled
section 1,south,1,1.748916506767273,151.0,1.748916506767273,solid,sampled
section 1,south,1,1.7533775568008423,152.0,1.7533775568008423,solid,sampled
section 1,south,1,1.7422890663146973,153.0,1.7422890663146973,solid,sampled
section 1,south,1,1.7414817810058594,154.0,1.7414817810058594,solid,sampled
section 1,south,1,1.7413489818572998,155.0,1.7413489818572998,solid,sampled
section 1,south,1,1.7424523830413818,156.0,1.7424523830413818,solid,sampled
section 1,south,1,1.7320685386657715,157.0,1.7320685386657715,solid,sampled
section 1,south,1,1.738978624343872,158.0,1.738978624343872,solid,sampled
section 1,south,1,1.7343381643295288,159.0,1.7343381643295288,solid,sampled
section 1,south,1,1.7329256534576416,160.0,1.7329256534576416,solid,sampled
section 1,south,1,1.7271133661270142,161.0,1.7271133661270142,solid,sampled
section 1,south,1,1.7326533794403076,162.0,1.7326533794403076,solid,sampled
section 1,south,1,1.7313182353973389,163.0,1.7313182353973389,solid,sampled
section 1,south,1,1.7288358211517334,164.0,1.7288358211517334,solid,sampled
section 1,south,1,1.730898141860962,165.0,1.730898141860962,solid,sampled
section 1,south,1,1.7385272979736328,166.0,1.7385272979736328,solid,sampled
section 1,south,1,1.7275408506393433,167.0,1.7275408506393433,solid,sampled
section 1,south,1,1.7234206199645996,168.0,1.7234206199645996,solid,sampled
section 1,south,1,1.7271710634231567,169.0,1.7271710634231567,solid,sampled
section 1,south,1,1.7282315492630005,170.0,1.7282315492630005,solid,sampled
section 1,south,1,1.7242774963378906,171.0,1.7242774963378906,solid,sampled
section 1,south,1,1.7228662967681885,172.0,1.7228662967681885,solid,sampled
section 1,south,1,1.7291851043701172,173.0,1.7291851043701172,solid,sampled
section 1,south,1,1.7218899726867676,174.0,1.7218899726867676,solid,sampled
section 1,south,1,1.7183723449707031,175.0,1.7183723449707031,solid,sampled
section 1,south,1,1.7190942764282227,176.0,1.7190942764282227,solid,sampled
section 1,south,1,1.7169880867004395,177.0,1.7169880867004395,solid,sampled
section 1,south,1,1.7232416868209839,178.0,1.7232416868209839,solid,sampled
section 1,south,1,1.7239593267440796,179.0,1.7239593267440796,solid,sampled
section 1,south,1,1.7205474376678467,180.0,1.7205474376678467,solid,sampled
section 1,south,1,1.7252533435821533,181.0,1.7252533435821533,solid,sampled
section 1,south,1,1.727320909500122,182.0,1.727320909500122,solid,sampled
section 1,south,1,1.731680154800415,183.0,1.731680154800415,solid,sampled
section 1,south,1,1.7285614013671875,184.0,1.7285614013671875,solid,sampled
section 1,south,1,1.730068325996399,185.0,1.730068325996399,solid,sampled
section 1,south,1,1.7319475412368774,186.0,1.7319475412368774,solid,sampled
section 1,south,1,1.7368106842041016,187.0,1.7368106842041016,solid,sampled
section 1,south,1,1.7332110404968262,188.0,1.7332110404968262,solid,sampled
section 1,south,1,1.726873517036438,189.0,1.726873517036438,solid,sampled
section 1,south,1,1.722425937652588,190.0,1.722425937652588,solid,sampled
section 1,south,1,1.7304859161376953,191.0,1.7304859161376953,solid,sampled
section 1,south,1,1.73306405544281,192.0,1.73306405544281,solid,sampled
section 1,south,1,1.7318973541259766,193.0,1.7318973541259766,solid,sampled
section 1,south,1,1.7323708534240723,194.0,1.7323708534240723,solid,sampled
section 1,south,1,1.7342249155044556,195.0,1.7342249155044556,solid,sampled
section 1,south,1,1.7483943700790405,196.0,1.7483943700790405,solid,sampled
section 1,south,1,1.738767147064209,197.0,1.738767147064209,solid,sampled
section 1,south,1,1.7328414916992188,198.0,1.7328414916992188,solid,sampled
section 1,south,1,1.7338712215423584,199.0,1.7338712215423584,solid,sampled
section 1,south,1,1.7281767129898071,200.0,1.7281767129898071,solid,sampled
section 1,south,1,1.7250277996063232,201.0,1.7250277996063232,solid,sampled
section 1,south,1,1.7260875701904297,202.0,1.7260875701904297,solid,sampled
section 1,south,1,1.729290246963501,203.0,1.729290246963501,solid,sampled
section 1,south,1,1.7259905338287354,204.0,1.7259905338287354,solid,sampled
section 1,south,1,1.7149755954742432,205.0,1.7149755954742432,solid,sampled
section 1,south,1,1.7116180658340454,206.0,1.7116180658340454,solid,sampled
section 1,south,1,1.7105791568756104,207.0,1.7105791568756104,solid,sampled
section 1,south,1,1.6988980770111084,208.0,1.6988980770111084,solid,sampled
section 1,south,1,1.6937804222106934,209.0,1.6937804222106934,solid,sampled
section 1,south,1,1.6817576885223389,210.0,1.6817576885223389,solid,sampled
section 1,south,1,1.6636788845062256,211.0,1.6636788845062256,solid,sampled
section 1,south,1,1.6466909646987915,212.0,1.6466909646987915,solid,sampled
section 1,south,1,1.604300856590271,213.0,1.604300856590271,solid,sampled
section 1,south,1,1.5743799209594727,214.0,1.5743799209594727,solid,sampled
section 1,south,1,1.5387654304504395,215.0,1.5387654304504395,solid,sampled
section 1,south,1,1.4985220432281494,216.0,1.4985220432281494,solid,sampled
section 1,south,1,1.4565114974975586,217.0,1.4565114974975586,solid,sampled
section 1,south,1,1.409245491027832,218.0,1.409245491027832,solid,sampled
section 1,south,1,1.3595595359802246,219.0,1.3595595359802246,solid,sampled
section 1,south,1,1.3003883361816406,220.0,1.3003883361816406,solid,sampled
section 1,south,1,1.2379018068313599,221.0,1.2379018068313599,solid,sampled
section 1,south,1,1.1274967193603516,222.0,1.1274967193603516,solid,sampled
section 1,south,1,1.0396058559417725,223.0,1.0396058559417725,solid,sampled
section 1,south,1,0.9660800099372864,224.0,0.9660800099372864,solid,sampled
section 1,south,1,0.875576913356781,225.0,0.875576913356781,solid,sampled
section 1,south,1,0.7754371166229248,226.0,0.7754371166229248,solid,sampled
section 1,south,1,0.6512776017189026,227.0,0.6512776017189026,solid,sampled
section 1,south,1,0.5123227834701538,228.0,0.5123227834701538,solid,sampled
section 1,south,1,0.3786621689796448,229.0,0.3786621689796448,solid,sampled
section 1,south,1,0.3132963180541992,230.0,0.3132963180541992,solid,sampled
section 1,south,1,-0.7774248719215393,231.0,-0.7774248719215393,solid,sampled
section 1,south,1,-1.306182861328125,232.0,-1.306182861328125,solid,sampled
section 1,south,1,-0.6648331880569458,233.0,-0.6648331880569458,solid,sampled
section 1,south,1,-0.04857158660888672,234.0,-0.04857158660888672,solid,sampled
section 1,south,1,0.25125327706336975,235.0,0.25125327706336975,solid,sampled
section 1,south,1,0.34679725766181946,236.0,0.34679725766181946,solid,sampled
section 1,south,1,0.38994860649108887,237.0,0.38994860649108887,solid,sampled
section 1,south,1,0.08978945016860962,238.0,0.08978945016860962,solid,sampled
section 1,south,1,-0.29267024993896484,239.0,-0.29267024993896484,solid,sampled
section 1,south,1,-0.7485663890838623,240.0,-0.7485663890838623,solid,sampled
section 1,south,1,0.26955288648605347,241.0,0.26955288648605347,solid,sampled
section 1,south,1,0.42883676290512085,242.0,0.42883676290512085,solid,sampled
section 1,south,1,0.21094658970832825,243.0,0.21094658970832825,solid,sampled
section 1,south,1,0.3525380492210388,244.0,0.3525380492210388,solid,sampled
section 1,south,1,0.39821457862854004,245.0,0.39821457862854004,solid,sampled
section 1,south,1,0.26136982440948486,246.0,0.26136982440948486,solid,sampled
section 1,south,1,0.2226995825767517,247.0,0.2226995825767517,solid,sampled
section 1,south,1,0.17803743481636047,248.0,0.17803743481636047,solid,sampled
section 1,south,1,0.4391849637031555,249.0,0.4391849637031555,solid,sampled
section 1,south,1,0.46648043394088745,250.0,0.46648043394088745,solid,sampled
section 1,south,1,0.5531495809555054,251.0,0.5531495809555054,solid,sampled
section 1,south,1,0.6578426361083984,252.0,0.6578426361083984,solid,sampled
section 1,south,1,0.7947186827659607,253.0,0.7947186827659607,solid,sampled
section 1,south,1,0.9754889011383057,254.0,0.9754889011383057,solid,sampled
section 1,south,1,1.1658926010131836,255.0,1.1658926010131836,solid,sampled
section 1,south,1,1.2365046739578247,256.0,1.2365046739578247,solid,sampled
section 1,south,1,1.2613966464996338,257.0,1.2613966464996338,solid,sampled
section 1,south,1,1.2654755115509033,258.0,1.2654755115509033,solid,sampled
section 1,south,1,1.2759957313537598,259.0,1.2759957313537598,solid,sampled
section 1,south,1,1.2796096801757812,260.0,1.2796096801757812,solid,sampled
section 1,south,1,1.2653908729553223,261.0,1.2653908729553223,solid,sampled
section 1,south,1,1.26572847366333,262.0,1.26572847366333,solid,sampled
section 1,south,1,1.2766101360321045,263.0,1.2766101360321045,solid,sampled
section 1,south,1,1.2787948846817017,264.0,1.2787948846817017,solid,sampled
section 1,south,1,1.2908482551574707,265.0,1.2908482551574707,solid,sampled
section 1,south,1,1.2877881526947021,266.0,1.2877881526947021,solid,sampled
section 1,south,1,1.3057578802108765,267.0,1.3057578802108765,solid,sampled
section 1,south,1,1.3133680820465088,268.0,1.3133680820465088,solid,sampled
section 1,south,1,1.3151991367340088,269.0,1.3151991367340088,solid,sampled
section 1,south,1,1.3154525756835938,270.0,1.3154525756835938,solid,sampled
section 1,south,1,1.318519949913025,271.0,1.318519949913025,solid,sampled
section 1,south,1,1.3311052322387695,272.0,1.3311052322387695,solid,sampled
section 1,south,1,1.3381023406982422,273.0,1.3381023406982422,solid,sampled
section 1,south,1,1.3418172597885132,274.0,1.3418172597885132,solid,sampled
section 1,south,1,1.346703290939331,275.0,1.346703290939331,solid,sampled
section 1,south,1,1.3425440788269043,276.0,1.3425440788269043,solid,sampled
section 1,south,1,1.3526610136032104,277.0,1.3526610136032104,solid,sampled
section 1,south,1,1.3572885990142822,278.0,1.3572885990142822,solid,sampled
section 1,south,1,1.3788901567459106,279.0,1.3788901567459106,solid,sampled
section 1,south,1,1.3733702898025513,280.0,1.3733702898025513,solid,sampled
section 1,south,1,1.3805291652679443,281.0,1.3805291652679443,solid,sampled
section 1,south,1,1.3866913318634033,282.0,1.3866913318634033,solid,sampled
section 1,south,1,1.3725180625915527,283.0,1.3725180625915527,solid,sampled
section 1,south,1,1.3649990558624268,284.0,1.3649990558624268,solid,sampled
section 1,south,1,1.3378777503967285,285.0,1.3378777503967285,solid,sampled
section 1,south,1,1.3072657585144043,286.0,1.3072657585144043,solid,sampled
section 1,south,1,1.2948578596115112,287.0,1.2948578596115112,solid,sampled
section 1,south,1,1.2780529260635376,288.0,1.2780529260635376,solid,sampled
section 1,south,1,1.3379756212234497,289.0,1.3379756212234497,solid,sampled
section 1,south,1,1.372267723083496,290.0,1.372267723083496,solid,sampled
section 1,south,1,1.3814502954483032,291.0,1.3814502954483032,solid,sampled
section 1,south,1,1.3875123262405396,292.0,1.3875123262405396,solid,sampled
section 1,south,1,1.3855615854263306,293.0,1.3855615854263306,solid,sampled
section 1,south,1,1.3778862953186035,294.0,1.3778862953186035,solid,sampled
section 1,south,1,1.3657889366149902,295.0,1.3657889366149902,solid,sampled
section 1,south,1,1.3631072044372559,296.0,1.3631072044372559,solid,sampled
section 1,south,1,1.3521277904510498,297.0,1.3521277904510498,solid,sampled
section 1,south,1,1.3493551015853882,298.0,1.3493551015853882,solid,sampled
section 1,south,1,1.3428220748901367,299.0,1.3428220748901367,solid,sampled
section 1,south,1,1.3464641571044922,300.0,1.3464641571044922,solid,sampled
section 1,south,1,1.339432716369629,301.0,1.339432716369629,solid,sampled
section 1,south,1,1.344592571258545,302.0,1.344592571258545,solid,sampled
section 1,south,1,1.3403449058532715,303.0,1.3403449058532715,solid,sampled
section 1,south,1,1.3416498899459839,304.0,1.3416498899459839,solid,sampled
section 1,south,1,1.3368494510650635,305.0,1.3368494510650635,solid,sampled
section 1,south,1,1.3354836702346802,306.0,1.3354836702346802,solid,sampled
section 1,south,1,1.3422445058822632,307.0,1.3422445058822632,solid,sampled
section 1,south,1,1.333817481994629,308.0,1.333817481994629,solid,sampled
section 1,south,1,1.3263248205184937,309.0,1.3263248205184937,solid,sampled
section 1,south,1,1.3227498531341553,310.0,1.3227498531341553,solid,sampled
section 1,south,1,1.3147896528244019,311.0,1.3147896528244019,solid,sampled
section 1,south,1,1.3104441165924072,312.0,1.3104441165924072,solid,sampled
section 1,south,1,1.2974299192428589,313.0,1.2974299192428589,solid,sampled
section 1,south,1,1.290330171585083,314.0,1.290330171585083,solid,sampled
section 1,south,1,1.2665627002716064,315.0,1.2665627002716064,solid,sampled
section 1,south,1,1.2532988786697388,316.0,1.2532988786697388,solid,sampled
section 1,south,1,1.2339236736297607,317.0,1.2339236736297607,solid,sampled
section 1,south,1,1.215171217918396,318.0,1.215171217918396,solid,sampled
section 1,south,1,1.2000226974487305,319.0,1.2000226974487305,solid,sampled
section 1,south,1,1.18951416015625,320.0,1.18951416015625,solid,sampled
section 1,south,1,1.158911108970642,321.0,1.158911108970642,solid,sampled
section 1,south,1,1.1577165126800537,322.0,1.1577165126800537,solid,sampled
section 1,south,1,1.1337417364120483,323.0,1.1337417364120483,solid,sampled
section 1,south,1,1.1121513843536377,324.0,1.1121513843536377,solid,sampled
section 1,south,1,1.0806074142456055,325.0,1.0806074142456055,solid,sampled
section 1,south,1,1.05155611038208,326.0,1.05155611038208,solid,sampled
section 1,south,1,1.0652323961257935,327.0,1.0652323961257935,solid,sampled
section 1,south,1,1.067544937133789,328.0,1.067544937133789,solid,sampled
section 1,south,1,1.0262248516082764,329.0,1.0262248516082764,solid,sampled
section 1,south,1,0.9300918579101562,330.0,0.9300918579101562,solid,sampled
section 1,south,1,0.9485263824462891,331.0,0.9485263824462891,solid,sampled
section 1,south,1,1.1391687393188477,332.0,1.1391687393188477,solid,sampled
section 1,south,1,1.3056142330169678,333.0,1.3056142330169678,solid,sampled
section 1,south,1,1.417830467224121,334.0,1.417830467224121,solid,sampled
section 1,south,1,1.4638025760650635,335.0,1.4638025760650635,solid,sampled
section 1,south,1,1.4785995483398438,336.0,1.4785995483398438,solid,sampled
section 1,south,1,1.4866966009140015,337.0,1.4866966009140015,solid,sampled
section 1,south,1,1.4830260276794434,338.0,1.4830260276794434,solid,sampled
section 1,south,1,1.485126256942749,339.0,1.485126256942749,solid,sampled
section 1,south,1,1.4916529655456543,340.0,1.4916529655456543,solid,sampled
section 1,south,1,1.4935510158538818,341.0,1.4935510158538818,solid,sampled
section 1,south,1,1.4990234375,342.0,1.4990234375,solid,sampled
section 1,south,1,1.4930484294891357,343.0,1.4930484294891357,solid,sampled
section 1,south,1,1.49961256980896,344.0,1.49961256980896,solid,sampled
section 1,south,1,1.4951198101043701,345.0,1.4951198101043701,solid,sampled
section 1,south,1,1.507728099822998,346.0,1.507728099822998,solid,sampled
section 1,south,1,1.5136351585388184,347.0,1.5136351585388184,solid,sampled
section 1,south,1,1.5191373825073242,348.0,1.5191373825073242,solid,sampled
section 1,south,1,1.5264519453048706,349.0,1.5264519453048706,solid,sampled
section 1,south,1,1.526170253753662,350.0,1.526170253753662,solid,sampled
section 1,south,1,1.53104567527771,351.0,1.53104567527771,solid,sampled
section 1,south,1,1.532493233680725,352.0,1.532493233680725,solid,sampled
section 1,south,1,1.5371383428573608,353.0,1.5371383428573608,solid,sampled
section 1,south,1,1.5363967418670654,354.0,1.5363967418670654,solid,sampled
section 1,south,1,1.526593804359436,355.0,1.526593804359436,solid,sampled
section 1,south,1,1.516721248626709,356.0,1.516721248626709,solid,sampled
section 1,south,1,1.5062566995620728,357.0,1.5062566995620728,solid,sampled
section 1,south,1,1.48051917552948,358.0,1.48051917552948,solid,sampled
section 1,south,1,1.522908091545105,359.0,1.522908091545105,solid,sampled
section 1,south,1,1.5312976837158203,360.0,1.5312976837158203,solid,sampled
section 1,south,1,1.5433436632156372,361.0,1.5433436632156372,solid,sampled
section 1,south,1,1.5485825538635254,362.0,1.5485825538635254,solid,sampled
section 1,south,1,1.5548149347305298,363.0,1.5548149347305298,solid,sampled
section 1,south,1,1.5521833896636963,364.0,1.5521833896636963,solid,sampled
section 1,south,1,1.5466492176055908,365.0,1.5466492176055908,solid,sampled
section 1,south,1,1.544272780418396,366.0,1.544272780418396,solid,sampled
section 1,south,1,1.5442914962768555,367.0,1.5442914962768555,solid,sampled
section 1,south,1,1.5325605869293213,368.0,1.5325605869293213,solid,sampled
section 1,south,1,1.5196611881256104,369.0,1.5196611881256104,solid,sampled
section 1,south,1,1.534013271331787,370.0,1.534013271331787,solid,sampled
section 1,south,1,1.5475642681121826,371.0,1.5475642681121826,solid,sampled
section 1,south,1,1.55265212059021,372.0,1.55265212059021,solid,sampled
section 1,south,1,1.542523741722107,373.0,1.542523741722107,solid,sampled
section 1,south,1,1.54054594039917,374.0,1.54054594039917,solid,sampled
section 1,south,1,1.5188970565795898,375.0,1.5188970565795898,solid,sampled
section 1,south,1,1.496516466140747,376.0,1.496516466140747,solid,sampled
section 1,south,1,1.5089292526245117,377.0,1.5089292526245117,solid,sampled
section 1,south,1,1.4943633079528809,378.0,1.4943633079528809,solid,sampled
section 1,south,1,1.4941203594207764,379.0,1.4941203594207764,solid,sampled
section 1,south,1,1.509344458580017,380.0,1.509344458580017,solid,sampled
section 1,south,1,1.5066916942596436,381.0,1.5066916942596436,solid,sampled
section 1,south,1,1.51289701461792,382.0,1.51289701461792,solid,sampled
section 1,south,1,1.5164387226104736,383.0,1.5164387226104736,solid,sampled
section 1,south,1,1.5085259675979614,384.0,1.5085259675979614,solid,sampled
section 1,south,1,1.51996910572052,385.0,1.51996910572052,solid,sampled
section 1,south,1,1.515814185142517,386.0,1.515814185142517,solid,sampled
section 1,south,1,1.5231870412826538,387.0,1.5231870412826538,solid,sampled
section 1,south,1,1.5250365734100342,388.0,1.5250365734100342,solid,sampled
section 1,south,1,1.546556830406189,389.0,1.546556830406189,solid,sampled
section 1,south,1,1.556746244430542,390.0,1.556746244430542,solid,sampled
section 1,south,1,1.557469129562378,391.0,1.557469129562378,solid,sampled
section 1,south,1,1.6005568504333496,392.0,1.6005568504333496,solid,sampled
section 1,south,1,1.6370506286621094,393.0,1.6370506286621094,solid,sampled
section 1,south,1,1.649815320968628,394.0,1.649815320968628,solid,sampled
section 1,south,1,1.6589239835739136,395.0,1.6589239835739136,solid,sampled
section 1,south,1,1.6648074388504028,396.0,1.6648074388504028,solid,sampled
section 1,south,1,1.6680541038513184,397.0,1.6680541038513184,solid,sampled
section 1,south,1,1.6760385036468506,398.0,1.6760385036468506,solid,sampled
section 1,south,1,1.6778292655944824,399.0,1.6778292655944824,solid,sampled
section 1,south,1,1.6792317628860474,400.0,1.6792317628860474,solid,sampled
section 1,south,1,1.6752023696899414,401.0,1.6752023696899414,solid,sampled
section 1,south,1,1.6592152118682861,402.0,1.6592152118682861,solid,sampled
section 1,south,1,1.59730863571167,403.0,1.59730863571167,solid,sampled
section 1,south,1,1.605892539024353,404.0,1.605892539024353,solid,sampled
section 1,south,1,1.6129631996154785,405.0,1.6129631996154785,solid,sampled
section 1,south,1,1.6293573379516602,406.0,1.6293573379516602,solid,sampled
section 1,south,1,1.630210280418396,407.0,1.630210280418396,solid,sampled
section 1,south,1,1.6158679723739624,408.0,1.6158679723739624,solid,sampled
section 1,south,1,1.6067512035369873,409.0,1.6067512035369873,solid,sampled
section 1,south,1,1.6351085901260376,410.0,1.6351085901260376,solid,sampled
section 1,south,1,1.6559762954711914,411.0,1.6559762954711914,solid,sampled
section 1,south,1,1.6472141742706299,412.0,1.6472141742706299,solid,sampled
section 1,south,1,1.6351231336593628,413.0,1.6351231336593628,solid,sampled
section 1,south,1,1.619210958480835,414.0,1.619210958480835,solid,sampled
section 1,south,1,1.6020443439483643,415.0,1.6020443439483643,solid,sampled
section 1,south,1,1.5824453830718994,416.0,1.5824453830718994,solid,sampled
section 1,south,1,1.5617707967758179,417.0,1.5617707967758179,solid,sampled
section 1,south,1,1.5716475248336792,418.0,1.5716475248336792,solid,sampled
section 1,south,1,1.5570886135101318,419.0,1.5570886135101318,solid,sampled
section 1,south,1,1.5447537899017334,420.0,1.5447537899017334,solid,sampled
section 1,south,1,1.5297393798828125,421.0,1.5297393798828125,solid,sampled
section 1,south,1,1.536738395690918,422.0,1.536738395690918,solid,sampled
section 1,south,1,1.5092628002166748,423.0,1.5092628002166748,solid,sampled
section 1,south,1,1.5229350328445435,424.0,1.5229350328445435,solid,sampled
section 1,south,1,1.5316200256347656,425.0,1.5316200256347656,solid,sampled
section 1,south,1,1.5410072803497314,426.0,1.5410072803497314,solid,sampled
section 1,south,1,1.5368170738220215,427.0,1.5368170738220215,solid,sampled
section 1,south,1,1.533461570739746,428.0,1.533461570739746,solid,sampled
section 1,south,1,1.5421020984649658,429.0,1.5421020984649658,solid,sampled
section 1,south,1,1.5294997692108154,430.0,1.5294997692108154,solid,sampled
section 1,south,1,1.516341209411621,431.0,1.516341209411621,solid,sampled
section 1,south,1,1.464724063873291,432.0,1.464724063873291,solid,sampled
section 1,south,1,1.4239044189453125,433.0,1.4239044189453125,solid,sampled
section 1,south,1,1.3580360412597656,434.0,1.3580360412597656,solid,sampled
section 1,south,1,1.284772515296936,435.0,1.284772515296936,solid,sampled
section 1,south,1,1.1553044319152832,436.0,1.1553044319152832,solid,sampled
section 1,south,1,1.0401182174682617,437.0,1.0401182174682617,solid,sampled
section 1,south,1,0.9388353824615479,438.0,0.9388353824615479,solid,sampled
section 1,south,1,0.8043813705444336,439.0,0.8043813705444336,solid,sampled
section 1,south,1,0.7193574905395508,440.0,0.7193574905395508,solid,sampled
section 1,south,1,0.6835041046142578,441.0,0.6835041046142578,solid,sampled
section 1,south,1,0.6613842844963074,442.0,0.6613842844963074,solid,sampled
section 1,south,1,0.6597522497177124,443.0,0.6597522497177124,solid,sampled
section 1,south,1,0.6465034484863281,444.0,0.6465034484863281,solid,sampled
section 1,south,1,0.6208481192588806,445.0,0.6208481192588806,solid,sampled
section 1,south,1,0.6533651351928711,446.0,0.6533651351928711,solid,sampled
section 1,south,1,0.8157167434692383,447.0,0.8157167434692383,solid,sampled
section 1,south,1,1.3653044700622559,448.0,1.3653044700622559,solid,sampled
section 1,south,1,1.7048139572143555,449.0,1.7048139572143555,solid,sampled
section 1,south,1,1.6937013864517212,450.0,1.6937013864517212,solid,sampled
section 1,south,1,1.663273811340332,451.0,1.663273811340332,solid,sampled
section 1,south,1,1.6293940544128418,452.0,1.6293940544128418,solid,sampled
section 1,south,1,1.6054513454437256,453.0,1.6054513454437256,solid,sampled
section 1,south,1,1.600614070892334,454.0,1.600614070892334,solid,sampled
section 1,south,1,1.653340458869934,455.0,1.653340458869934,solid,sampled
section 1,south,1,1.705008864402771,456.0,1.705008864402771,solid,sampled
section 1,south,1,1.720780372619629,457.0,1.720780372619629,solid,sampled
section 1,south,1,1.729774832725525,458.0,1.729774832725525,solid,sampled
section 1,south,1,1.7241220474243164,459.0,1.7241220474243164,solid,sampled
section 1,south,1,1.7340805530548096,460.0,1.7340805530548096,solid,sampled
section 1,south,1,1.7321743965148926,461.0,1.7321743965148926,solid,sampled
section 1,south,1,1.7315521240234375,462.0,1.7315521240234375,solid,sampled
section 1,south,1,1.7404522895812988,463.0,1.7404522895812988,solid,sampled
section 1,south,1,1.7445656061172485,464.0,1.7445656061172485,solid,sampled
section 1,south,1,1.7320204973220825,465.0,1.7320204973220825,solid,sampled
section 1,south,1,1.707240104675293,466.0,1.707240104675293,solid,sampled
section 1,south,1,1.6596760749816895,467.0,1.6596760749816895,solid,sampled
section 1,south,1,1.5903968811035156,468.0,1.5903968811035156,solid,sampled
section 1,south,1,1.5140990018844604,469.0,1.5140990018844604,solid,sampled
section 1,south,1,1.415401816368103,470.0,1.415401816368103,solid,sampled
section 1,south,1,1.3332319259643555,471.0,1.3332319259643555,solid,sampled
section 1,south,1,1.3153860569000244,472.0,1.3153860569000244,solid,sampled
section 1,south,1,1.3623325824737549,473.0,1.3623325824737549,solid,sampled
section 1,south,1,1.4169011116027832,474.0,1.4169011116027832,solid,sampled
section 1,south,1,1.5086380243301392,475.0,1.5086380243301392,solid,sampled
section 1,south,1,1.5574703216552734,476.0,1.5574703216552734,solid,sampled
section 1,south,1,1.587730884552002,477.0,1.587730884552002,solid,sampled
section 1,south,1,1.6200721263885498,478.0,1.6200721263885498,solid,sampled
section 1,south,1,1.6544322967529297,479.0,1.6544322967529297,solid,sampled
section 1,south,1,1.7045968770980835,480.0,1.7045968770980835,solid,sampled
section 1,south,1,1.7492784261703491,481.0,1.7492784261703491,solid,sampled
section 1,south,1,1.7351360321044922,482.0,1.7351360321044922,solid,sampled
section 1,south,1,1.7291624546051025,483.0,1.7291624546051025,solid,sampled
section 1,south,1,1.7326804399490356,484.0,1.7326804399490356,solid,sampled
section 1,south,1,1.7338314056396484,485.0,1.7338314056396484,solid,sampled
section 1,south,1,1.7606663703918457,486.0,1.7606663703918457,solid,sampled
section 1,south,1,1.7898118495941162,487.0,1.7898118495941162,solid,sampled
section 1,south,1,1.7941603660583496,488.0,1.7941603660583496,solid,sampled
section 1,south,1,1.806138277053833,489.0,1.806138277053833,solid,sampled
section 1,south,1,1.8136578798294067,490.0,1.8136578798294067,solid,sampled
section 1,south,1,1.833984613418579,491.0,1.833984613418579,solid,sampled
section 1,south,1,1.8308120965957642,492.0,1.8308120965957642,solid,sampled
section 1,south,1,1.832980990409851,493.0,1.832980990409851,solid,sampled
section 1,south,1,1.7998743057250977,494.0,1.7998743057250977,solid,sampled
section 1,south,1,1.7821803092956543,495.0,1.7821803092956543,solid,sampled
section 1,south,1,1.73820161819458,496.0,1.73820161819458,solid,sampled
section 1,south,1,1.7471437454223633,497.0,1.7471437454223633,solid,sampled
section 1,south,1,1.831259846687317,498.0,1.831259846687317,solid,sampled
section 1,south,1,1.8781652450561523,499.0,1.8781652450561523,solid,sampled
section 1,south,1,1.9012004137039185,500.0,1.9012004137039185,solid,sampled
section 1,south,1,1.9799447059631348,501.0,1.9799447059631348,solid,sampled
section 1,south,1,2.058706760406494,502.0,2.058706760406494,solid,sampled
section 1,south,1,2.1698412895202637,503.0,2.1698412895202637,solid,sampled
section 1,south,1,2.316671371459961,504.0,2.316671371459961,solid,sampled
section 1,south,1,2.450133800506592,505.0,2.450133800506592,solid,sampled
section 1,south,1,2.6843724250793457,506.0,2.6843724250793457,solid,sampled
section 1,south,1,3.3912434577941895,507.0,3.3912434577941895,solid,sampled
section 1,south,1,6.849790096282959,508.0,6.849790096282959,solid,sampled
section 1,south,1,7.052306652069092,509.0,7.052306652069092,solid,sampled
section 1,south,1,6.811049938201904,510.0,6.811049938201904,solid,sampled
section 1,south,1,6.721401214599609,511.0,6.721401214599609,solid,sampled
section 1,south,1,5.953801155090332,512.0,5.953801155090332,solid,sampled
section 1,south,1,5.8689165115356445,513.0,5.8689165115356445,solid,sampled
section 1,south,1,5.854262828826904,514.0,5.854262828826904,solid,sampled
section 1,south,1,5.885656833648682,515.0,5.885656833648682,solid,sampled
section 1,south,1,5.369393825531006,516.0,5.369393825531006,solid,sampled
section 1,south,1,5.960068702697754,517.0,5.960068702697754,solid,sampled
section 1,south,1,7.575742244720459,518.0,7.575742244720459,solid,sampled
section 1,south,1,8.696233749389648,519.0,8.696233749389648,solid,sampled
section 1,south,1,7.662250518798828,520.0,7.662250518798828,solid,sampled
section 1,south,1,5.780804634094238,521.0,5.780804634094238,solid,sampled
section 1,south,1,5.400844573974609,522.0,5.400844573974609,solid,sampled
section 1,south,1,5.786777496337891,523.0,5.786777496337891,solid,sampled
section 1,south,1,6.36942195892334,524.0,6.36942195892334,solid,sampled
section 1,south,1,0.0,525.0,,dotted,null_fill
section 1,south,1,0.0,526.0,,dotted,null_fill
section 1,south,1,0.0,527.0,,dotted,null_fill
section 1,south,1,0.0,528.0,,dotted,null_fill
section 1,south,1,0.0,529.0,,dotted,null_fill
section 1,south,1,0.0,530.0,,dotted,null_fill
section 1,south,1,0.0,531.0,,dotted,null_fill
section 1,south,1,0.0,532.0,,dotted,null_fill
section 1,south,1,0.0,533.0,,dotted,null_fill
section 1,south,1,0.0,534.0,,dotted,null_fill
section 1,south,1,0.0,535.0,,dotted,null_fill
section 1,south,1,0.0,536.0,,dotted,null_fill
section 1,south,1,0.0,537.0,,dotted,null_fill
section 1,south,1,0.0,538.0,,dotted,null_fill
section 1,south,1,0.0,539.0,,dotted,null_fill
section 1,south,1,0.0,540.0,,dotted,null_fill
section 1,south,1,0.0,541.0,,dotted,null_fill
section 1,south,1,0.0,542.0,,dotted,null_fill
section 1,south,1,0.0,543.0,,dotted,null_fill
section 2,central,2,0.0,0.0,,dotted,null_fill
section 2,central,2,0.0,1.0,,dotted,null_fill
section 2,central,2,0.0,2.0,,dotted,null_fill
section 2,central,2,0.0,3.0,,dotted,null_fill
section 2,central,2,0.0,4.0,,dotted,null_fill
section 2,central,2,0.0,5.0,,dotted,null_fill
section 2,central,2,0.0,6.0,,dotted,null_fill
section 2,central,2,0.0,7.0,,dotted,null_fill
section 2,central,2,0.0,8.0,,dotted,null_fill
section 2,central,2,0.0,9.0,,dotted,null_fill
section 2,central,2,0.0,10.0,,dotted,null_fill
section 2,central,2,0.0,11.0,,dotted,null_fill
section 2,central,2,0.0,12.0,,dotted,null_fill
section 2,central,2,0.0,13.0,,dotted,null_fill
section 2,central,2,0.0,14.0,,dotted,null_fill
section 2,central,2,0.0,15.0,,dotted,null_fill
section 2,central,2,0.0,16.0,,dotted,null_fill
section 2,central,2,0.0,17.0,,dotted,null_fill
section 2,central,2,0.0,18.0,,dotted,null_fill
section 2,central,2,0.0,19.0,,dotted,null_fill
section 2,central,2,0.0,20.0,,dotted,null_fill
section 2,central,2,0.0,21.0,,dotted,null_fill
section 2,central,2,0.0,22.0,,dotted,null_fill
section 2,central,2,0.0,23.0,,dotted,null_fill
section 2,central,2,0.0,24.0,,dotted,null_fill
section 2,central,2,4.074856281280518,25.0,4.074856281280518,solid,sampled
section 2,central,2,2.9898581504821777,26.0,2.9898581504821777,solid,sampled
section 2,central,2,2.935825824737549,27.0,2.935825824737549,solid,sampled
section 2,central,2,2.8553059101104736,28.0,2.8553059101104736,solid,sampled
section 2,central,2,2.778702735900879,29.0,2.778702735900879,solid,sampled
section 2,central,2,2.697068214416504,30.0,2.697068214416504,solid,sampled
section 2,central,2,2.629239082336426,31.0,2.629239082336426,solid,sampled
section 2,central,2,2.5495047569274902,32.0,2.5495047569274902,solid,sampled
section 2,central,2,2.4766721725463867,33.0,2.4766721725463867,solid,sampled
section 2,central,2,2.3926305770874023,34.0,2.3926305770874023,solid,sampled
section 2,central,2,2.3026223182678223,35.0,2.3026223182678223,solid,sampled
section 2,central,2,2.2150449752807617,36.0,2.2150449752807617,solid,sampled
section 2,central,2,2.118136405944824,37.0,2.118136405944824,solid,sampled
section 2,central,2,2.0391385555267334,38.0,2.0391385555267334,solid,sampled
section 2,central,2,1.9353898763656616,39.0,1.9353898763656616,solid,sampled
section 2,central,2,1.8299508094787598,40.0,1.8299508094787598,solid,sampled
section 2,central,2,1.7320042848587036,41.0,1.7320042848587036,solid,sampled
section 2,central,2,1.59307861328125,42.0,1.59307861328125,solid,sampled
section 2,central,2,1.4491980075836182,43.0,1.4491980075836182,solid,sampled
section 2,central,2,1.3636350631713867,44.0,1.3636350631713867,solid,sampled
section 2,central,2,1.177900791168213,45.0,1.177900791168213,solid,sampled
section 2,central,2,1.0669068098068237,46.0,1.0669068098068237,solid,sampled
section 2,central,2,0.9782350063323975,47.0,0.9782350063323975,solid,sampled
section 2,central,2,0.9004164934158325,48.0,0.9004164934158325,solid,sampled
section 2,central,2,0.8492326736450195,49.0,0.8492326736450195,solid,sampled
section 2,central,2,0.7776169180870056,50.0,0.7776169180870056,solid,sampled
section 2,central,2,0.7195103168487549,51.0,0.7195103168487549,solid,sampled
section 2,central,2,0.6657798290252686,52.0,0.6657798290252686,solid,sampled
section 2,central,2,0.6367465257644653,53.0,0.6367465257644653,solid,sampled
section 2,central,2,0.5931973457336426,54.0,0.5931973457336426,solid,sampled
section 2,central,2,0.6069856286048889,55.0,0.6069856286048889,solid,sampled
section 2,central,2,0.5940697193145752,56.0,0.5940697193145752,solid,sampled
section 2,central,2,0.6263831853866577,57.0,0.6263831853866577,solid,sampled
section 2,central,2,0.611952006816864,58.0,0.611952006816864,solid,sampled
section 2,central,2,0.6596801280975342,59.0,0.6596801280975342,solid,sampled
section 2,central,2,0.8978137969970703,60.0,0.8978137969970703,solid,sampled
section 2,central,2,1.1366713047027588,61.0,1.1366713047027588,solid,sampled
section 2,central,2,1.430513858795166,62.0,1.430513858795166,solid,sampled
section 2,central,2,1.553635597229004,63.0,1.553635597229004,solid,sampled
section 2,central,2,1.6139140129089355,64.0,1.6139140129089355,solid,sampled
section 2,central,2,1.6386005878448486,65.0,1.6386005878448486,solid,sampled
section 2,central,2,1.6426708698272705,66.0,1.6426708698272705,solid,sampled
section 2,central,2,1.6478605270385742,67.0,1.6478605270385742,solid,sampled
section 2,central,2,1.6455410718917847,68.0,1.6455410718917847,solid,sampled
section 2,central,2,1.6593385934829712,69.0,1.6593385934829712,solid,sampled
section 2,central,2,1.662650227546692,70.0,1.662650227546692,solid,sampled
section 2,central,2,1.6588711738586426,71.0,1.6588711738586426,solid,sampled
section 2,central,2,1.6576595306396484,72.0,1.6576595306396484,solid,sampled
section 2,central,2,1.6532925367355347,73.0,1.6532925367355347,solid,sampled
section 2,central,2,1.6604349613189697,74.0,1.6604349613189697,solid,sampled
section 2,central,2,1.6505781412124634,75.0,1.6505781412124634,solid,sampled
section 2,central,2,1.644120693206787,76.0,1.644120693206787,solid,sampled
section 2,central,2,1.640032410621643,77.0,1.640032410621643,solid,sampled
section 2,central,2,1.6219203472137451,78.0,1.6219203472137451,solid,sampled
section 2,central,2,1.5944677591323853,79.0,1.5944677591323853,solid,sampled
section 2,central,2,1.576564073562622,80.0,1.576564073562622,solid,sampled
section 2,central,2,1.5398712158203125,81.0,1.5398712158203125,solid,sampled
section 2,central,2,1.5082100629806519,82.0,1.5082100629806519,solid,sampled
section 2,central,2,1.4674420356750488,83.0,1.4674420356750488,solid,sampled
section 2,central,2,1.4315773248672485,84.0,1.4315773248672485,solid,sampled
section 2,central,2,1.3910866975784302,85.0,1.3910866975784302,solid,sampled
section 2,central,2,1.3444033861160278,86.0,1.3444033861160278,solid,sampled
section 2,central,2,1.312456727027893,87.0,1.312456727027893,solid,sampled
section 2,central,2,1.2832751274108887,88.0,1.2832751274108887,solid,sampled
section 2,central,2,1.2508715391159058,89.0,1.2508715391159058,solid,sampled
section 2,central,2,1.2230406999588013,90.0,1.2230406999588013,solid,sampled
section 2,central,2,1.1950898170471191,91.0,1.1950898170471191,solid,sampled
section 2,central,2,1.1567820310592651,92.0,1.1567820310592651,solid,sampled
section 2,central,2,1.132010579109192,93.0,1.132010579109192,solid,sampled
section 2,central,2,1.1087461709976196,94.0,1.1087461709976196,solid,sampled
section 2,central,2,1.089259147644043,95.0,1.089259147644043,solid,sampled
section 2,central,2,1.0648784637451172,96.0,1.0648784637451172,solid,sampled
section 2,central,2,1.0557456016540527,97.0,1.0557456016540527,solid,sampled
section 2,central,2,1.044370412826538,98.0,1.044370412826538,solid,sampled
section 2,central,2,1.0434539318084717,99.0,1.0434539318084717,solid,sampled
section 2,central,2,1.044678807258606,100.0,1.044678807258606,solid,sampled
section 2,central,2,1.045330286026001,101.0,1.045330286026001,solid,sampled
section 2,central,2,1.0400691032409668,102.0,1.0400691032409668,solid,sampled
section 2,central,2,1.0331472158432007,103.0,1.0331472158432007,solid,sampled
section 2,central,2,1.031045913696289,104.0,1.031045913696289,solid,sampled
section 2,central,2,1.0258469581604004,105.0,1.0258469581604004,solid,sampled
section 2,central,2,1.0223592519760132,106.0,1.0223592519760132,solid,sampled
section 2,central,2,1.0107550621032715,107.0,1.0107550621032715,solid,sampled
section 2,central,2,1.0045242309570312,108.0,1.0045242309570312,solid,sampled
section 2,central,2,1.011273980140686,109.0,1.011273980140686,solid,sampled
section 2,central,2,1.0172550678253174,110.0,1.0172550678253174,solid,sampled
section 2,central,2,1.035034418106079,111.0,1.035034418106079,solid,sampled
section 2,central,2,1.046675682067871,112.0,1.046675682067871,solid,sampled
section 2,central,2,1.0625430345535278,113.0,1.0625430345535278,solid,sampled
section 2,central,2,1.06011164188385,114.0,1.06011164188385,solid,sampled
section 2,central,2,1.0697273015975952,115.0,1.0697273015975952,solid,sampled
section 2,central,2,1.0780823230743408,116.0,1.0780823230743408,solid,sampled
section 2,central,2,1.0883653163909912,117.0,1.0883653163909912,solid,sampled
section 2,central,2,1.0957348346710205,118.0,1.0957348346710205,solid,sampled
section 2,central,2,1.116985559463501,119.0,1.116985559463501,solid,sampled
section 2,central,2,1.1237319707870483,120.0,1.1237319707870483,solid,sampled
section 2,central,2,1.1163418292999268,121.0,1.1163418292999268,solid,sampled
section 2,central,2,0.7850295305252075,122.0,0.7850295305252075,solid,sampled
section 2,central,2,0.7076840400695801,123.0,0.7076840400695801,solid,sampled
section 2,central,2,0.7471595406532288,124.0,0.7471595406532288,solid,sampled
section 2,central,2,0.8470790386199951,125.0,0.8470790386199951,solid,sampled
section 2,central,2,0.9361165761947632,126.0,0.9361165761947632,solid,sampled
section 2,central,2,0.9375548362731934,127.0,0.9375548362731934,solid,sampled
section 2,central,2,0.9237233400344849,128.0,0.9237233400344849,solid,sampled
section 2,central,2,0.8965171575546265,129.0,0.8965171575546265,solid,sampled
section 2,central,2,0.8667747974395752,130.0,0.8667747974395752,solid,sampled
section 2,central,2,0.8617127537727356,131.0,0.8617127537727356,solid,sampled
section 2,central,2,0.8652375936508179,132.0,0.8652375936508179,solid,sampled
section 2,central,2,0.8767180442810059,133.0,0.8767180442810059,solid,sampled
section 2,central,2,0.8867956399917603,134.0,0.8867956399917603,solid,sampled
section 2,central,2,0.8883150815963745,135.0,0.8883150815963745,solid,sampled
section 2,central,2,0.8824784755706787,136.0,0.8824784755706787,solid,sampled
section 2,central,2,0.8556426167488098,137.0,0.8556426167488098,solid,sampled
section 2,central,2,0.8484158515930176,138.0,0.8484158515930176,solid,sampled
section 2,central,2,0.8350005149841309,139.0,0.8350005149841309,solid,sampled
section 2,central,2,0.8269081115722656,140.0,0.8269081115722656,solid,sampled
section 2,central,2,0.8175997734069824,141.0,0.8175997734069824,solid,sampled
section 2,central,2,0.8295605182647705,142.0,0.8295605182647705,solid,sampled
section 2,central,2,0.8215383291244507,143.0,0.8215383291244507,solid,sampled
section 2,central,2,0.7932238578796387,144.0,0.7932238578796387,solid,sampled
section 2,central,2,0.7796329259872437,145.0,0.7796329259872437,solid,sampled
section 2,central,2,0.8178625106811523,146.0,0.8178625106811523,solid,sampled
section 2,central,2,0.832329511642456,147.0,0.832329511642456,solid,sampled
section 2,central,2,0.8478183746337891,148.0,0.8478183746337891,solid,sampled
section 2,central,2,0.8421007394790649,149.0,0.8421007394790649,solid,sampled
section 2,central,2,0.8563984632492065,150.0,0.8563984632492065,solid,sampled
section 2,central,2,0.8774874210357666,151.0,0.8774874210357666,solid,sampled
section 2,central,2,0.9015641212463379,152.0,0.9015641212463379,solid,sampled
section 2,central,2,0.9178414940834045,153.0,0.9178414940834045,solid,sampled
section 2,central,2,0.9368189573287964,154.0,0.9368189573287964,solid,sampled
section 2,central,2,0.9539269208908081,155.0,0.9539269208908081,solid,sampled
section 2,central,2,0.9812431335449219,156.0,0.9812431335449219,solid,sampled
section 2,central,2,0.998383641242981,157.0,0.998383641242981,solid,sampled
section 2,central,2,1.004462718963623,158.0,1.004462718963623,solid,sampled
section 2,central,2,1.0414470434188843,159.0,1.0414470434188843,solid,sampled
section 2,central,2,1.0667076110839844,160.0,1.0667076110839844,solid,sampled
section 2,central,2,1.0835566520690918,161.0,1.0835566520690918,solid,sampled
section 2,central,2,1.1026859283447266,162.0,1.1026859283447266,solid,sampled
section 2,central,2,1.127168893814087,163.0,1.127168893814087,solid,sampled
section 2,central,2,1.146277666091919,164.0,1.146277666091919,solid,sampled
section 2,central,2,1.1500144004821777,165.0,1.1500144004821777,solid,sampled
section 2,central,2,1.1481719017028809,166.0,1.1481719017028809,solid,sampled
section 2,central,2,1.1429003477096558,167.0,1.1429003477096558,solid,sampled
section 2,central,2,1.1395138502120972,168.0,1.1395138502120972,solid,sampled
section 2,central,2,1.138061761856079,169.0,1.138061761856079,solid,sampled
section 2,central,2,1.1373929977416992,170.0,1.1373929977416992,solid,sampled
section 2,central,2,1.1336034536361694,171.0,1.1336034536361694,solid,sampled
section 2,central,2,1.13113534450531,172.0,1.13113534450531,solid,sampled
section 2,central,2,1.1428520679473877,173.0,1.1428520679473877,solid,sampled
section 2,central,2,1.1378366947174072,174.0,1.1378366947174072,solid,sampled
section 2,central,2,1.133302927017212,175.0,1.133302927017212,solid,sampled
section 2,central,2,1.1325161457061768,176.0,1.1325161457061768,solid,sampled
section 2,central,2,1.130707025527954,177.0,1.130707025527954,solid,sampled
section 2,central,2,1.1229292154312134,178.0,1.1229292154312134,solid,sampled
section 2,central,2,1.1225205659866333,179.0,1.1225205659866333,solid,sampled
section 2,central,2,1.1210428476333618,180.0,1.1210428476333618,solid,sampled
section 2,central,2,1.1205461025238037,181.0,1.1205461025238037,solid,sampled
section 2,central,2,1.120377540588379,182.0,1.120377540588379,solid,sampled
section 2,central,2,1.11445152759552,183.0,1.11445152759552,solid,sampled
section 2,central,2,1.1158487796783447,184.0,1.1158487796783447,solid,sampled
section 2,central,2,1.1134318113327026,185.0,1.1134318113327026,solid,sampled
section 2,central,2,1.1025586128234863,186.0,1.1025586128234863,solid,sampled
section 2,central,2,1.1037380695343018,187.0,1.1037380695343018,solid,sampled
section 2,central,2,1.1003406047821045,188.0,1.1003406047821045,solid,sampled
section 2,central,2,1.0972461700439453,189.0,1.0972461700439453,solid,sampled
section 2,central,2,1.1005593538284302,190.0,1.1005593538284302,solid,sampled
section 2,central,2,1.0974247455596924,191.0,1.0974247455596924,solid,sampled
section 2,central,2,1.098819613456726,192.0,1.098819613456726,solid,sampled
section 2,central,2,1.1013401746749878,193.0,1.1013401746749878,solid,sampled
section 2,central,2,1.0978825092315674,194.0,1.0978825092315674,solid,sampled
section 2,central,2,1.0914034843444824,195.0,1.0914034843444824,solid,sampled
section 2,central,2,1.095287799835205,196.0,1.095287799835205,solid,sampled
section 2,central,2,1.0951755046844482,197.0,1.0951755046844482,solid,sampled
section 2,central,2,1.092660903930664,198.0,1.092660903930664,solid,sampled
section 2,central,2,1.0934982299804688,199.0,1.0934982299804688,solid,sampled
section 2,central,2,1.1012109518051147,200.0,1.1012109518051147,solid,sampled
section 2,central,2,1.0963027477264404,201.0,1.0963027477264404,solid,sampled
section 2,central,2,1.0911815166473389,202.0,1.0911815166473389,solid,sampled
section 2,central,2,1.0871882438659668,203.0,1.0871882438659668,solid,sampled
section 2,central,2,1.0855234861373901,204.0,1.0855234861373901,solid,sampled
section 2,central,2,1.0798795223236084,205.0,1.0798795223236084,solid,sampled
section 2,central,2,1.0805363655090332,206.0,1.0805363655090332,solid,sampled
section 2,central,2,1.076127290725708,207.0,1.076127290725708,solid,sampled
section 2,central,2,1.0814038515090942,208.0,1.0814038515090942,solid,sampled
section 2,central,2,1.0782793760299683,209.0,1.0782793760299683,solid,sampled
section 2,central,2,1.0743805170059204,210.0,1.0743805170059204,solid,sampled
section 2,central,2,1.0792781114578247,211.0,1.0792781114578247,solid,sampled
section 2,central,2,1.0714635848999023,212.0,1.0714635848999023,solid,sampled
section 2,central,2,1.064706563949585,213.0,1.064706563949585,solid,sampled
section 2,central,2,1.06512451171875,214.0,1.06512451171875,solid,sampled
section 2,central,2,1.0659663677215576,215.0,1.0659663677215576,solid,sampled
section 2,central,2,1.071246862411499,216.0,1.071246862411499,solid,sampled
section 2,central,2,1.0666134357452393,217.0,1.0666134357452393,solid,sampled
section 2,central,2,1.057586669921875,218.0,1.057586669921875,solid,sampled
section 2,central,2,1.06427001953125,219.0,1.06427001953125,solid,sampled
section 2,central,2,1.0512197017669678,220.0,1.0512197017669678,solid,sampled
section 2,central,2,1.0475283861160278,221.0,1.0475283861160278,solid,sampled
section 2,central,2,1.0487236976623535,222.0,1.0487236976623535,solid,sampled
section 2,central,2,1.0532147884368896,223.0,1.0532147884368896,solid,sampled
section 2,central,2,1.0487091541290283,224.0,1.0487091541290283,solid,sampled
section 2,central,2,1.038161277770996,225.0,1.038161277770996,solid,sampled
section 2,central,2,1.0360820293426514,226.0,1.0360820293426514,solid,sampled
section 2,central,2,1.0315523147583008,227.0,1.0315523147583008,solid,sampled
section 2,central,2,1.0624029636383057,228.0,1.0624029636383057,solid,sampled
section 2,central,2,1.0587947368621826,229.0,1.0587947368621826,solid,sampled
section 2,central,2,1.0589293241500854,230.0,1.0589293241500854,solid,sampled
section 2,central,2,1.0589532852172852,231.0,1.0589532852172852,solid,sampled
section 2,central,2,1.057020664215088,232.0,1.057020664215088,solid,sampled
section 2,central,2,1.054503083229065,233.0,1.054503083229065,solid,sampled
section 2,central,2,1.0486096143722534,234.0,1.0486096143722534,solid,sampled
section 2,central,2,1.053490400314331,235.0,1.053490400314331,solid,sampled
section 2,central,2,1.0456172227859497,236.0,1.0456172227859497,solid,sampled
section 2,central,2,1.0406863689422607,237.0,1.0406863689422607,solid,sampled
section 2,central,2,1.0358015298843384,238.0,1.0358015298843384,solid,sampled
section 2,central,2,1.0597470998764038,239.0,1.0597470998764038,solid,sampled
section 2,central,2,1.0469350814819336,240.0,1.0469350814819336,solid,sampled
section 2,central,2,1.047483205795288,241.0,1.047483205795288,solid,sampled
section 2,central,2,1.0383408069610596,242.0,1.0383408069610596,solid,sampled
section 2,central,2,1.0290021896362305,243.0,1.0290021896362305,solid,sampled
section 2,central,2,1.0195280313491821,244.0,1.0195280313491821,solid,sampled
section 2,central,2,1.0379503965377808,245.0,1.0379503965377808,solid,sampled
section 2,central,2,1.0355019569396973,246.0,1.0355019569396973,solid,sampled
section 2,central,2,1.050365924835205,247.0,1.050365924835205,solid,sampled
section 2,central,2,1.0351154804229736,248.0,1.0351154804229736,solid,sampled
section 2,central,2,1.0453951358795166,249.0,1.0453951358795166,solid,sampled
section 2,central,2,1.031949520111084,250.0,1.031949520111084,solid,sampled
section 2,central,2,1.0342285633087158,251.0,1.0342285633087158,solid,sampled
section 2,central,2,1.0227582454681396,252.0,1.0227582454681396,solid,sampled
section 2,central,2,1.0196306705474854,253.0,1.0196306705474854,solid,sampled
section 2,central,2,0.9980508685112,254.0,0.9980508685112,solid,sampled
section 2,central,2,1.009063959121704,255.0,1.009063959121704,solid,sampled
section 2,central,2,0.9847913980484009,256.0,0.9847913980484009,solid,sampled
section 2,central,2,0.994303822517395,257.0,0.994303822517395,solid,sampled
section 2,central,2,1.006868600845337,258.0,1.006868600845337,solid,sampled
section 2,central,2,1.005919337272644,259.0,1.005919337272644,solid,sampled
section 2,central,2,0.9908956289291382,260.0,0.9908956289291382,solid,sampled
section 2,central,2,0.9800459146499634,261.0,0.9800459146499634,solid,sampled
section 2,central,2,0.9759224653244019,262.0,0.9759224653244019,solid,sampled
section 2,central,2,0.973147988319397,263.0,0.973147988319397,solid,sampled
section 2,central,2,0.9913607835769653,264.0,0.9913607835769653,solid,sampled
section 2,central,2,0.9978499412536621,265.0,0.9978499412536621,solid,sampled
section 2,central,2,0.9808434844017029,266.0,0.9808434844017029,solid,sampled
section 2,central,2,0.9573004841804504,267.0,0.9573004841804504,solid,sampled
section 2,central,2,0.9776276350021362,268.0,0.9776276350021362,solid,sampled
section 2,central,2,0.9873898029327393,269.0,0.9873898029327393,solid,sampled
section 2,central,2,1.0127419233322144,270.0,1.0127419233322144,solid,sampled
section 2,central,2,1.0011768341064453,271.0,1.0011768341064453,solid,sampled
section 2,central,2,0.9937825202941895,272.0,0.9937825202941895,solid,sampled
section 2,central,2,1.0153486728668213,273.0,1.0153486728668213,solid,sampled
section 2,central,2,0.9872087836265564,274.0,0.9872087836265564,solid,sampled
section 2,central,2,1.0277444124221802,275.0,1.0277444124221802,solid,sampled
section 2,central,2,1.0294969081878662,276.0,1.0294969081878662,solid,sampled
section 2,central,2,1.0050766468048096,277.0,1.0050766468048096,solid,sampled
section 2,central,2,0.99749755859375,278.0,0.99749755859375,solid,sampled
section 2,central,2,0.9924018383026123,279.0,0.9924018383026123,solid,sampled
section 2,central,2,1.0039904117584229,280.0,1.0039904117584229,solid,sampled
section 2,central,2,1.0101362466812134,281.0,1.0101362466812134,solid,sampled
section 2,central,2,1.0592689514160156,282.0,1.0592689514160156,solid,sampled
section 2,central,2,0.9958760142326355,283.0,0.9958760142326355,solid,sampled
section 2,central,2,1.0141977071762085,284.0,1.0141977071762085,solid,sampled
section 2,central,2,0.9912145137786865,285.0,0.9912145137786865,solid,sampled
section 2,central,2,0.9926992654800415,286.0,0.9926992654800415,solid,sampled
section 2,central,2,1.0013377666473389,287.0,1.0013377666473389,solid,sampled
section 2,central,2,0.9962795972824097,288.0,0.9962795972824097,solid,sampled
section 2,central,2,1.0100020170211792,289.0,1.0100020170211792,solid,sampled
section 2,central,2,1.0194556713104248,290.0,1.0194556713104248,solid,sampled
section 2,central,2,1.0368072986602783,291.0,1.0368072986602783,solid,sampled
section 2,central,2,1.0001230239868164,292.0,1.0001230239868164,solid,sampled
section 2,central,2,0.996956467628479,293.0,0.996956467628479,solid,sampled
section 2,central,2,0.9924676418304443,294.0,0.9924676418304443,solid,sampled
section 2,central,2,0.9681246876716614,295.0,0.9681246876716614,solid,sampled
section 2,central,2,0.9685901403427124,296.0,0.9685901403427124,solid,sampled
section 2,central,2,0.9293723106384277,297.0,0.9293723106384277,solid,sampled
section 2,central,2,0.946527361869812,298.0,0.946527361869812,solid,sampled
section 2,central,2,0.9199296832084656,299.0,0.9199296832084656,solid,sampled
section 2,central,2,0.9377310276031494,300.0,0.9377310276031494,solid,sampled
section 2,central,2,0.9227241277694702,301.0,0.9227241277694702,solid,sampled
section 2,central,2,0.8837680816650391,302.0,0.8837680816650391,solid,sampled
section 2,central,2,0.8599553108215332,303.0,0.8599553108215332,solid,sampled
section 2,central,2,0.8645769953727722,304.0,0.8645769953727722,solid,sampled
section 2,central,2,0.8779922723770142,305.0,0.8779922723770142,solid,sampled
section 2,central,2,0.8466768264770508,306.0,0.8466768264770508,solid,sampled
section 2,central,2,0.8512730002403259,307.0,0.8512730002403259,solid,sampled
section 2,central,2,0.7842557430267334,308.0,0.7842557430267334,solid,sampled
section 2,central,2,0.8167053461074829,309.0,0.8167053461074829,solid,sampled
section 2,central,2,0.7617322206497192,310.0,0.7617322206497192,solid,sampled
section 2,central,2,0.7202723026275635,311.0,0.7202723026275635,solid,sampled
section 2,central,2,0.6759015321731567,312.0,0.6759015321731567,solid,sampled
section 2,central,2,0.6660082340240479,313.0,0.6660082340240479,solid,sampled
section 2,central,2,0.6215120553970337,314.0,0.6215120553970337,solid,sampled
section 2,central,2,0.6223558187484741,315.0,0.6223558187484741,solid,sampled
section 2,central,2,0.5681701898574829,316.0,0.5681701898574829,solid,sampled
section 2,central,2,0.5897895097732544,317.0,0.5897895097732544,solid,sampled
section 2,central,2,0.6099491119384766,318.0,0.6099491119384766,solid,sampled
section 2,central,2,0.6056694984436035,319.0,0.6056694984436035,solid,sampled
section 2,central,2,0.6226859092712402,320.0,0.6226859092712402,solid,sampled
section 2,central,2,0.6366138458251953,321.0,0.6366138458251953,solid,sampled
section 2,central,2,0.6573481559753418,322.0,0.6573481559753418,solid,sampled
section 2,central,2,0.6938258409500122,323.0,0.6938258409500122,solid,sampled
section 2,central,2,0.6976820230484009,324.0,0.6976820230484009,solid,sampled
section 2,central,2,0.7360638380050659,325.0,0.7360638380050659,solid,sampled
section 2,central,2,0.7487027049064636,326.0,0.7487027049064636,solid,sampled
section 2,central,2,0.7514621019363403,327.0,0.7514621019363403,solid,sampled
section 2,central,2,0.7887998223304749,328.0,0.7887998223304749,solid,sampled
section 2,central,2,0.809867262840271,329.0,0.809867262840271,solid,sampled
section 2,central,2,0.8531197905540466,330.0,0.8531197905540466,solid,sampled
section 2,central,2,0.8499577045440674,331.0,0.8499577045440674,solid,sampled
section 2,central,2,0.8209407925605774,332.0,0.8209407925605774,solid,sampled
section 2,central,2,0.8650059103965759,333.0,0.8650059103965759,solid,sampled
section 2,central,2,0.8601745367050171,334.0,0.8601745367050171,solid,sampled
section 2,central,2,0.9021233916282654,335.0,0.9021233916282654,solid,sampled
section 2,central,2,0.9143006205558777,336.0,0.9143006205558777,solid,sampled
section 2,central,2,0.9158431887626648,337.0,0.9158431887626648,solid,sampled
section 2,central,2,0.9449580907821655,338.0,0.9449580907821655,solid,sampled
section 2,central,2,0.983325719833374,339.0,0.983325719833374,solid,sampled
section 2,central,2,1.0258030891418457,340.0,1.0258030891418457,solid,sampled
section 2,central,2,1.0613176822662354,341.0,1.0613176822662354,solid,sampled
section 2,central,2,1.1441361904144287,342.0,1.1441361904144287,solid,sampled
section 2,central,2,1.2015048265457153,343.0,1.2015048265457153,solid,sampled
section 2,central,2,1.2308505773544312,344.0,1.2308505773544312,solid,sampled
section 2,central,2,1.2555989027023315,345.0,1.2555989027023315,solid,sampled
section 2,central,2,1.2710986137390137,346.0,1.2710986137390137,solid,sampled
section 2,central,2,1.2535187005996704,347.0,1.2535187005996704,solid,sampled
section 2,central,2,1.2650518417358398,348.0,1.2650518417358398,solid,sampled
section 2,central,2,1.2762274742126465,349.0,1.2762274742126465,solid,sampled
section 2,central,2,1.2802369594573975,350.0,1.2802369594573975,solid,sampled
section 2,central,2,1.275064468383789,351.0,1.275064468383789,solid,sampled
section 2,central,2,1.276193380355835,352.0,1.276193380355835,solid,sampled
section 2,central,2,1.2890580892562866,353.0,1.2890580892562866,solid,sampled
section 2,central,2,1.2941317558288574,354.0,1.2941317558288574,solid,sampled
section 2,central,2,1.2902873754501343,355.0,1.2902873754501343,solid,sampled
section 2,central,2,1.3098039627075195,356.0,1.3098039627075195,solid,sampled
section 2,central,2,1.3145735263824463,357.0,1.3145735263824463,solid,sampled
section 2,central,2,1.3256807327270508,358.0,1.3256807327270508,solid,sampled
section 2,central,2,1.3182263374328613,359.0,1.3182263374328613,solid,sampled
section 2,central,2,1.3212350606918335,360.0,1.3212350606918335,solid,sampled
section 2,central,2,1.3196600675582886,361.0,1.3196600675582886,solid,sampled
section 2,central,2,1.3226240873336792,362.0,1.3226240873336792,solid,sampled
section 2,central,2,1.3206037282943726,363.0,1.3206037282943726,solid,sampled
section 2,central,2,1.3181335926055908,364.0,1.3181335926055908,solid,sampled
section 2,central,2,1.304591178894043,365.0,1.304591178894043,solid,sampled
section 2,central,2,1.3048210144042969,366.0,1.3048210144042969,solid,sampled
section 2,central,2,1.301498293876648,367.0,1.301498293876648,solid,sampled
section 2,central,2,1.3122684955596924,368.0,1.3122684955596924,solid,sampled
section 2,central,2,1.3007707595825195,369.0,1.3007707595825195,solid,sampled
section 2,central,2,1.2781569957733154,370.0,1.2781569957733154,solid,sampled
section 2,central,2,1.222448706626892,371.0,1.222448706626892,solid,sampled
section 2,central,2,1.1693178415298462,372.0,1.1693178415298462,solid,sampled
section 2,central,2,1.1173746585845947,373.0,1.1173746585845947,solid,sampled
section 2,central,2,1.0561904907226562,374.0,1.0561904907226562,solid,sampled
section 2,central,2,0.9889267086982727,375.0,0.9889267086982727,solid,sampled
section 2,central,2,0.9255306124687195,376.0,0.9255306124687195,solid,sampled
section 2,central,2,0.8569775819778442,377.0,0.8569775819778442,solid,sampled
section 2,central,2,0.7855136394500732,378.0,0.7855136394500732,solid,sampled
section 2,central,2,0.7163414359092712,379.0,0.7163414359092712,solid,sampled
section 2,central,2,0.6151914596557617,380.0,0.6151914596557617,solid,sampled
section 2,central,2,0.41689634323120117,381.0,0.41689634323120117,solid,sampled
section 2,central,2,0.2938474416732788,382.0,0.2938474416732788,solid,sampled
section 2,central,2,0.21621251106262207,383.0,0.21621251106262207,solid,sampled
section 2,central,2,0.16379375755786896,384.0,0.16379375755786896,solid,sampled
section 2,central,2,0.0999913215637207,385.0,0.0999913215637207,solid,sampled
section 2,central,2,0.015082061290740967,386.0,0.015082061290740967,solid,sampled
section 2,central,2,-0.01153188943862915,387.0,-0.01153188943862915,solid,sampled
section 2,central,2,-0.10473865270614624,388.0,-0.10473865270614624,solid,sampled
section 2,central,2,-0.06365428864955902,389.0,-0.06365428864955902,solid,sampled
section 2,central,2,0.0054721832275390625,390.0,0.0054721832275390625,solid,sampled
section 2,central,2,0.039658352732658386,391.0,0.039658352732658386,solid,sampled
section 2,central,2,0.05959737300872803,392.0,0.05959737300872803,solid,sampled
section 2,central,2,0.059472955763339996,393.0,0.059472955763339996,solid,sampled
section 2,central,2,0.12307481467723846,394.0,0.12307481467723846,solid,sampled
section 2,central,2,0.0957261249423027,395.0,0.0957261249423027,solid,sampled
section 2,central,2,0.07009884715080261,396.0,0.07009884715080261,solid,sampled
section 2,central,2,0.10814762115478516,397.0,0.10814762115478516,solid,sampled
section 2,central,2,0.09097544848918915,398.0,0.09097544848918915,solid,sampled
section 2,central,2,0.0780039131641388,399.0,0.0780039131641388,solid,sampled
section 2,central,2,0.07862883806228638,400.0,0.07862883806228638,solid,sampled
section 2,central,2,0.06886903196573257,401.0,0.06886903196573257,solid,sampled
section 2,central,2,0.036017030477523804,402.0,0.036017030477523804,solid,sampled
section 2,central,2,0.06783795356750488,403.0,0.06783795356750488,solid,sampled
section 2,central,2,0.04387789964675903,404.0,0.04387789964675903,solid,sampled
section 2,central,2,0.021300315856933594,405.0,0.021300315856933594,solid,sampled
section 2,central,2,-0.01996368169784546,406.0,-0.01996368169784546,solid,sampled
section 2,central,2,-0.06125068664550781,407.0,-0.06125068664550781,solid,sampled
section 2,central,2,-0.03865158557891846,408.0,-0.03865158557891846,solid,sampled
section 2,central,2,0.022339463233947754,409.0,0.022339463233947754,solid,sampled
section 2,central,2,0.07138201594352722,410.0,0.07138201594352722,solid,sampled
section 2,central,2,0.13964366912841797,411.0,0.13964366912841797,solid,sampled
section 2,central,2,0.18574917316436768,412.0,0.18574917316436768,solid,sampled
section 2,central,2,0.1887216567993164,413.0,0.1887216567993164,solid,sampled
section 2,central,2,0.19472455978393555,414.0,0.19472455978393555,solid,sampled
section 2,central,2,0.19301080703735352,415.0,0.19301080703735352,solid,sampled
section 2,central,2,0.10813593864440918,416.0,0.10813593864440918,solid,sampled
section 2,central,2,0.0006369352340698242,417.0,0.0006369352340698242,solid,sampled
section 2,central,2,0.009831398725509644,418.0,0.009831398725509644,solid,sampled
section 2,central,2,-0.09121814370155334,419.0,-0.09121814370155334,solid,sampled
section 2,central,2,-0.03439114987850189,420.0,-0.03439114987850189,solid,sampled
section 2,central,2,0.01161801815032959,421.0,0.01161801815032959,solid,sampled
section 2,central,2,0.012550830841064453,422.0,0.012550830841064453,solid,sampled
section 2,central,2,0.07780954241752625,423.0,0.07780954241752625,solid,sampled
section 2,central,2,0.041843585669994354,424.0,0.041843585669994354,solid,sampled
section 2,central,2,0.05777166783809662,425.0,0.05777166783809662,solid,sampled
section 2,central,2,0.09154453873634338,426.0,0.09154453873634338,solid,sampled
section 2,central,2,0.08364295959472656,427.0,0.08364295959472656,solid,sampled
section 2,central,2,0.07299958914518356,428.0,0.07299958914518356,solid,sampled
section 2,central,2,0.14521753787994385,429.0,0.14521753787994385,solid,sampled
section 2,central,2,0.183976411819458,430.0,0.183976411819458,solid,sampled
section 2,central,2,0.2084653377532959,431.0,0.2084653377532959,solid,sampled
section 2,central,2,0.21500220894813538,432.0,0.21500220894813538,solid,sampled
section 2,central,2,0.2156672328710556,433.0,0.2156672328710556,solid,sampled
section 2,central,2,0.22282612323760986,434.0,0.22282612323760986,solid,sampled
section 2,central,2,0.2075520157814026,435.0,0.2075520157814026,solid,sampled
section 2,central,2,0.22308623790740967,436.0,0.22308623790740967,solid,sampled
section 2,central,2,0.22539596259593964,437.0,0.22539596259593964,solid,sampled
section 2,central,2,0.21925851702690125,438.0,0.21925851702690125,solid,sampled
section 2,central,2,0.20262885093688965,439.0,0.20262885093688965,solid,sampled
section 2,central,2,0.1874609887599945,440.0,0.1874609887599945,solid,sampled
section 2,central,2,0.1876056045293808,441.0,0.1876056045293808,solid,sampled
section 2,central,2,0.18198823928833008,442.0,0.18198823928833008,solid,sampled
section 2,central,2,0.17484402656555176,443.0,0.17484402656555176,solid,sampled
section 2,central,2,0.16892758011817932,444.0,0.16892758011817932,solid,sampled
section 2,central,2,0.15598277747631073,445.0,0.15598277747631073,solid,sampled
section 2,central,2,0.15747040510177612,446.0,0.15747040510177612,solid,sampled
section 2,central,2,0.16917306184768677,447.0,0.16917306184768677,solid,sampled
section 2,central,2,0.17771828174591064,448.0,0.17771828174591064,solid,sampled
section 2,central,2,0.17427068948745728,449.0,0.17427068948745728,solid,sampled
section 2,central,2,0.17106463015079498,450.0,0.17106463015079498,solid,sampled
section 2,central,2,0.18559908866882324,451.0,0.18559908866882324,solid,sampled
section 2,central,2,0.16146445274353027,452.0,0.16146445274353027,solid,sampled
section 2,central,2,0.18762879073619843,453.0,0.18762879073619843,solid,sampled
section 2,central,2,0.19193556904792786,454.0,0.19193556904792786,solid,sampled
section 2,central,2,0.20818011462688446,455.0,0.20818011462688446,solid,sampled
section 2,central,2,0.18277931213378906,456.0,0.18277931213378906,solid,sampled
section 2,central,2,0.1323486566543579,457.0,0.1323486566543579,solid,sampled
section 2,central,2,0.1261615753173828,458.0,0.1261615753173828,solid,sampled
section 2,central,2,0.10594188421964645,459.0,0.10594188421964645,solid,sampled
section 2,central,2,0.12668216228485107,460.0,0.12668216228485107,solid,sampled
section 2,central,2,0.19479863345623016,461.0,0.19479863345623016,solid,sampled
section 2,central,2,0.2077830731868744,462.0,0.2077830731868744,solid,sampled
section 2,central,2,0.21229013800621033,463.0,0.21229013800621033,solid,sampled
section 2,central,2,0.2857493758201599,464.0,0.2857493758201599,solid,sampled
section 2,central,2,0.2822422981262207,465.0,0.2822422981262207,solid,sampled
section 2,central,2,0.30004236102104187,466.0,0.30004236102104187,solid,sampled
section 2,central,2,0.246229350566864,467.0,0.246229350566864,solid,sampled
section 2,central,2,0.23986196517944336,468.0,0.23986196517944336,solid,sampled
section 2,central,2,0.4333779215812683,469.0,0.4333779215812683,solid,sampled
section 2,central,2,0.7164160013198853,470.0,0.7164160013198853,solid,sampled
section 2,central,2,1.0579180717468262,471.0,1.0579180717468262,solid,sampled
section 2,central,2,1.1035455465316772,472.0,1.1035455465316772,solid,sampled
section 2,central,2,1.1260855197906494,473.0,1.1260855197906494,solid,sampled
section 2,central,2,1.1624501943588257,474.0,1.1624501943588257,solid,sampled
section 2,central,2,1.1683275699615479,475.0,1.1683275699615479,solid,sampled
section 2,central,2,1.1577463150024414,476.0,1.1577463150024414,solid,sampled
section 2,central,2,1.1780554056167603,477.0,1.1780554056167603,solid,sampled
section 2,central,2,1.2050869464874268,478.0,1.2050869464874268,solid,sampled
section 2,central,2,1.2259211540222168,479.0,1.2259211540222168,solid,sampled
section 2,central,2,1.2512673139572144,480.0,1.2512673139572144,solid,sampled
section 2,central,2,1.2860691547393799,481.0,1.2860691547393799,solid,sampled
section 2,central,2,1.271716594696045,482.0,1.271716594696045,solid,sampled
section 2,central,2,1.226846694946289,483.0,1.226846694946289,solid,sampled
section 2,central,2,1.19589364528656,484.0,1.19589364528656,solid,sampled
section 2,central,2,1.2343971729278564,485.0,1.2343971729278564,solid,sampled
section 2,central,2,1.2406857013702393,486.0,1.2406857013702393,solid,sampled
section 2,central,2,1.2453526258468628,487.0,1.2453526258468628,solid,sampled
section 2,central,2,1.2923500537872314,488.0,1.2923500537872314,solid,sampled
section 2,central,2,1.2664494514465332,489.0,1.2664494514465332,solid,sampled
section 2,central,2,1.2683347463607788,490.0,1.2683347463607788,solid,sampled
section 2,central,2,1.3004337549209595,491.0,1.3004337549209595,solid,sampled
section 2,central,2,1.3176883459091187,492.0,1.3176883459091187,solid,sampled
section 2,central,2,1.3224265575408936,493.0,1.3224265575408936,solid,sampled
section 2,central,2,1.3312952518463135,494.0,1.3312952518463135,solid,sampled
section 2,central,2,1.3434375524520874,495.0,1.3434375524520874,solid,sampled
section 2,central,2,1.342566728591919,496.0,1.342566728591919,solid,sampled
section 2,central,2,1.3311731815338135,497.0,1.3311731815338135,solid,sampled
section 2,central,2,1.3091156482696533,498.0,1.3091156482696533,solid,sampled
section 2,central,2,1.2624592781066895,499.0,1.2624592781066895,solid,sampled
section 2,central,2,1.2655761241912842,500.0,1.2655761241912842,solid,sampled
section 2,central,2,1.285944938659668,501.0,1.285944938659668,solid,sampled
section 2,central,2,1.3339710235595703,502.0,1.3339710235595703,solid,sampled
section 2,central,2,1.3558449745178223,503.0,1.3558449745178223,solid,sampled
section 2,central,2,1.4203293323516846,504.0,1.4203293323516846,solid,sampled
section 2,central,2,1.4109525680541992,505.0,1.4109525680541992,solid,sampled
section 2,central,2,1.4737608432769775,506.0,1.4737608432769775,solid,sampled
section 2,central,2,1.5146878957748413,507.0,1.5146878957748413,solid,sampled
section 2,central,2,1.5612797737121582,508.0,1.5612797737121582,solid,sampled
section 2,central,2,1.6199026107788086,509.0,1.6199026107788086,solid,sampled
section 2,central,2,1.721531867980957,510.0,1.721531867980957,solid,sampled
section 2,central,2,1.8388197422027588,511.0,1.8388197422027588,solid,sampled
section 2,central,2,1.9169039726257324,512.0,1.9169039726257324,solid,sampled
section 2,central,2,1.9899482727050781,513.0,1.9899482727050781,solid,sampled
section 2,central,2,2.4342899322509766,514.0,2.4342899322509766,solid,sampled
section 2,central,2,2.9991958141326904,515.0,2.9991958141326904,solid,sampled
section 2,central,2,3.539821147918701,516.0,3.539821147918701,solid,sampled
section 2,central,2,4.521197319030762,517.0,4.521197319030762,solid,sampled
section 2,central,2,4.42580509185791,518.0,4.42580509185791,solid,sampled
section 2,central,2,4.614704608917236,519.0,4.614704608917236,solid,sampled
section 2,central,2,4.533463478088379,520.0,4.533463478088379,solid,sampled
section 2,central,2,4.533294677734375,521.0,4.533294677734375,solid,sampled
section 2,central,2,4.550334930419922,522.0,4.550334930419922,solid,sampled
section 2,central,2,5.630887985229492,523.0,5.630887985229492,solid,sampled
section 2,central,2,5.5376787185668945,524.0,5.5376787185668945,solid,sampled
section 2,central,2,5.585657596588135,525.0,5.585657596588135,solid,sampled
section 2,central,2,5.618124485015869,526.0,5.618124485015869,solid,sampled
section 2,central,2,7.217456817626953,527.0,7.217456817626953,solid,sampled
section 2,central,2,0.0,528.0,,dotted,null_fill
section 2,central,2,0.0,529.0,,dotted,null_fill
section 2,central,2,0.0,530.0,,dotted,null_fill
section 2,central,2,0.0,531.0,,dotted,null_fill
section 2,central,2,0.0,532.0,,dotted,null_fill
section 2,central,2,0.0,533.0,,dotted,null_fill
section 2,central,2,0.0,534.0,,dotted,null_fill
section 2,central,2,0.0,535.0,,dotted,null_fill
section 2,central,2,0.0,536.0,,dotted,null_fill
section 2,central,2,0.0,537.0,,dotted,null_fill
section 2,central,2,0.0,538.0,,dotted,null_fill
section 2,central,2,0.0,539.0,,dotted,null_fill
section 2,central,2,0.0,540.0,,dotted,null_fill
section 2,central,2,0.0,541.0,,dotted,null_fill
section 2,central,2,0.0,542.0,,dotted,null_fill
section 2,central,2,0.0,543.0,,dotted,null_fill
section 2,central,2,0.0,544.0,,dotted,null_fill
section 2,central,2,0.0,545.0,,dotted,null_fill
section 2,central,2,0.0,546.0,,dotted,null_fill
section 2,central,2,0.0,547.0,,dotted,null_fill
section 2,central,2,0.0,548.0,,dotted,null_fill
section 2,central,2,0.0,549.0,,dotted,null_fill
section 2,central,2,0.0,550.0,,dotted,null_fill
section 2,central,2,0.0,551.0,,dotted,null_fill
section 2,central,2,0.0,552.0,,dotted,null_fill
section 2,central,2,0.0,553.0,,dotted,null_fill
section 2,central,2,0.0,554.0,,dotted,null_fill
section 2,central,2,0.0,555.0,,dotted,null_fill
section 3,north,3,0.0,0.0,,dotted,null_fill
section 3,north,3,0.0,1.0,,dotted,null_fill
section 3,north,3,0.0,2.0,,dotted,null_fill
section 3,north,3,0.0,3.0,,dotted,null_fill
section 3,north,3,0.0,4.0,,dotted,null_fill
section 3,north,3,0.0,5.0,,dotted,null_fill
section 3,north,3,0.0,6.0,,dotted,null_fill
section 3,north,3,0.0,7.0,,dotted,null_fill
section 3,north,3,0.0,8.0,,dotted,null_fill
section 3,north,3,0.0,9.0,,dotted,null_fill
section 3,north,3,0.0,10.0,,dotted,null_fill
section 3,north,3,0.0,11.0,,dotted,null_fill
section 3,north,3,0.0,12.0,,dotted,null_fill
section 3,north,3,0.0,13.0,,dotted,null_fill
section 3,north,3,0.0,14.0,,dotted,null_fill
section 3,north,3,0.0,15.0,,dotted,null_fill
section 3,north,3,0.0,16.0,,dotted,null_fill
section 3,north,3,0.0,17.0,,dotted,null_fill
section 3,north,3,0.0,18.0,,dotted,null_fill
section 3,north,3,0.0,19.0,,dotted,null_fill
section 3,north,3,0.0,20.0,,dotted,null_fill
section 3,north,3,0.0,21.0,,dotted,null_fill
section 3,north,3,5.072014331817627,22.0,5.072014331817627,solid,sampled
section 3,north,3,5.152510643005371,23.0,5.152510643005371,solid,sampled
section 3,north,3,5.100563049316406,24.0,5.100563049316406,solid,sampled
section 3,north,3,5.097503662109375,25.0,5.097503662109375,solid,sampled
section 3,north,3,5.112724304199219,26.0,5.112724304199219,solid,sampled
section 3,north,3,5.107880115509033,27.0,5.107880115509033,solid,sampled
section 3,north,3,5.104819297790527,28.0,5.104819297790527,solid,sampled
section 3,north,3,5.210069179534912,29.0,5.210069179534912,solid,sampled
section 3,north,3,6.405464172363281,30.0,6.405464172363281,solid,sampled
section 3,north,3,6.189773082733154,31.0,6.189773082733154,solid,sampled
section 3,north,3,5.642264366149902,32.0,5.642264366149902,solid,sampled
section 3,north,3,5.858983039855957,33.0,5.858983039855957,solid,sampled
section 3,north,3,6.498572826385498,34.0,6.498572826385498,solid,sampled
section 3,north,3,6.306851863861084,35.0,6.306851863861084,solid,sampled
section 3,north,3,5.394189357757568,36.0,5.394189357757568,solid,sampled
section 3,north,3,4.610401153564453,37.0,4.610401153564453,solid,sampled
section 3,north,3,3.836642265319824,38.0,3.836642265319824,solid,sampled
section 3,north,3,3.702486515045166,39.0,3.702486515045166,solid,sampled
section 3,north,3,3.392848491668701,40.0,3.392848491668701,solid,sampled
section 3,north,3,2.8584046363830566,41.0,2.8584046363830566,solid,sampled
section 3,north,3,2.496638059616089,42.0,2.496638059616089,solid,sampled
section 3,north,3,2.185360908508301,43.0,2.185360908508301,solid,sampled
section 3,north,3,1.8242530822753906,44.0,1.8242530822753906,solid,sampled
section 3,north,3,1.5340627431869507,45.0,1.5340627431869507,solid,sampled
section 3,north,3,1.2777107954025269,46.0,1.2777107954025269,solid,sampled
section 3,north,3,1.0060327053070068,47.0,1.0060327053070068,solid,sampled
section 3,north,3,0.859708845615387,48.0,0.859708845615387,solid,sampled
section 3,north,3,0.7271613478660583,49.0,0.7271613478660583,solid,sampled
section 3,north,3,0.5198076963424683,50.0,0.5198076963424683,solid,sampled
section 3,north,3,0.3327139616012573,51.0,0.3327139616012573,solid,sampled
section 3,north,3,0.26942920684814453,52.0,0.26942920684814453,solid,sampled
section 3,north,3,0.1081019937992096,53.0,0.1081019937992096,solid,sampled
section 3,north,3,-0.08193135261535645,54.0,-0.08193135261535645,solid,sampled
section 3,north,3,-0.27620407938957214,55.0,-0.27620407938957214,solid,sampled
section 3,north,3,-0.4934118390083313,56.0,-0.4934118390083313,solid,sampled
section 3,north,3,-0.5678409934043884,57.0,-0.5678409934043884,solid,sampled
section 3,north,3,-0.8065986037254333,58.0,-0.8065986037254333,solid,sampled
section 3,north,3,-3.0,59.0,-34.88513946533203,solid,water_floor
section 3,north,3,-3.0,60.0,-37.833953857421875,solid,water_floor
section 3,north,3,-3.0,61.0,-58.52101516723633,solid,water_floor
section 3,north,3,-3.0,62.0,-69.67658996582031,solid,water_floor
section 3,north,3,-3.0,63.0,-62.7610969543457,solid,water_floor
section 3,north,3,-3.0,64.0,-56.7752799987793,solid,water_floor
section 3,north,3,-3.0,65.0,-49.134376525878906,solid,water_floor
section 3,north,3,-3.0,66.0,-73.35231018066406,solid,water_floor
section 3,north,3,-3.0,67.0,-74.63738250732422,solid,water_floor
section 3,north,3,-3.0,68.0,-68.65363311767578,solid,water_floor
section 3,north,3,-3.0,69.0,-64.83538055419922,solid,water_floor
section 3,north,3,-3.0,70.0,-63.64350128173828,solid,water_floor
section 3,north,3,-3.0,71.0,-68.94596099853516,solid,water_floor
section 3,north,3,-3.0,72.0,-68.92546844482422,solid,water_floor
section 3,north,3,-3.0,73.0,-80.42601776123047,solid,water_floor
section 3,north,3,-3.0,74.0,-69.69686126708984,solid,water_floor
section 3,north,3,-3.0,75.0,-61.2248649597168,solid,water_floor
section 3,north,3,-3.0,76.0,-83.59587097167969,solid,water_floor
section 3,north,3,-3.0,77.0,-77.66233825683594,solid,water_floor
section 3,north,3,-3.0,78.0,-77.17607879638672,solid,water_floor
section 3,north,3,-3.0,79.0,-92.91897583007812,solid,water_floor
section 3,north,3,-3.0,80.0,-83.25532531738281,solid,water_floor
section 3,north,3,-3.0,81.0,-93.13128662109375,solid,water_floor
section 3,north,3,-3.0,82.0,-92.7069091796875,solid,water_floor
section 3,north,3,-3.0,83.0,-84.66658782958984,solid,water_floor
section 3,north,3,-3.0,84.0,-84.1911392211914,solid,water_floor
section 3,north,3,-3.0,85.0,-72.18992614746094,solid,water_floor
section 3,north,3,-3.0,86.0,-75.19145202636719,solid,water_floor
section 3,north,3,-3.0,87.0,-87.97248077392578,solid,water_floor
section 3,north,3,-3.0,88.0,-79.50531768798828,solid,water_floor
section 3,north,3,-3.0,89.0,-81.10238647460938,solid,water_floor
section 3,north,3,-3.0,90.0,-83.14933013916016,solid,water_floor
section 3,north,3,-3.0,91.0,-85.59488677978516,solid,water_floor
section 3,north,3,-3.0,92.0,-94.91078186035156,solid,water_floor
section 3,north,3,-3.0,93.0,-91.46337890625,solid,water_floor
section 3,north,3,-3.0,94.0,-86.02510833740234,solid,water_floor
section 3,north,3,-3.0,95.0,-85.83157348632812,solid,water_floor
section 3,north,3,-3.0,96.0,-88.17013549804688,solid,water_floor
section 3,north,3,-3.0,97.0,-88.5804672241211,solid,water_floor
section 3,north,3,-3.0,98.0,-90.2257080078125,solid,water_floor
section 3,north,3,-3.0,99.0,-92.57498931884766,solid,water_floor
section 3,north,3,-3.0,100.0,-91.48966979980469,solid,water_floor
section 3,north,3,-3.0,101.0,-90.87945556640625,solid,water_floor
section 3,north,3,-3.0,102.0,-90.65856170654297,solid,water_floor
section 3,north,3,-3.0,103.0,-86.14285278320312,solid,water_floor
section 3,north,3,-3.0,104.0,-85.49262237548828,solid,water_floor
section 3,north,3,-3.0,105.0,-84.61015319824219,solid,water_floor
section 3,north,3,-3.0,106.0,-95.77537536621094,solid,water_floor
section 3,north,3,-3.0,107.0,-87.30834197998047,solid,water_floor
section 3,north,3,-3.0,108.0,-90.34992218017578,solid,water_floor
section 3,north,3,-3.0,109.0,-93.89232635498047,solid,water_floor
section 3,north,3,-3.0,110.0,-82.8153305053711,solid,water_floor
section 3,north,3,-3.0,111.0,-86.35504150390625,solid,water_floor
section 3,north,3,-3.0,112.0,-89.79491424560547,solid,water_floor
section 3,north,3,-3.0,113.0,-89.74052429199219,solid,water_floor
section 3,north,3,-3.0,114.0,-85.57234191894531,solid,water_floor
section 3,north,3,-3.0,115.0,-98.87340545654297,solid,water_floor
section 3,north,3,-3.0,116.0,-91.41010284423828,solid,water_floor
section 3,north,3,-3.0,117.0,-80.59832763671875,solid,water_floor
section 3,north,3,-3.0,118.0,-96.98112487792969,solid,water_floor
section 3,north,3,-3.0,119.0,-102.51316833496094,solid,water_floor
section 3,north,3,-3.0,120.0,-95.52254486083984,solid,water_floor
section 3,north,3,-3.0,121.0,-97.69800567626953,solid,water_floor
section 3,north,3,-3.0,122.0,-88.86338806152344,solid,water_floor
section 3,north,3,-3.0,123.0,-91.01332092285156,solid,water_floor
section 3,north,3,-3.0,124.0,-97.2065658569336,solid,water_floor
section 3,north,3,-3.0,125.0,-90.01516723632812,solid,water_floor
section 3,north,3,-3.0,126.0,-87.82434844970703,solid,water_floor
section 3,north,3,-3.0,127.0,-86.62358856201172,solid,water_floor
section 3,north,3,-3.0,128.0,-85.6080551147461,solid,water_floor
section 3,north,3,-3.0,129.0,-91.54878997802734,solid,water_floor
section 3,north,3,-3.0,130.0,-89.37577056884766,solid,water_floor
section 3,north,3,-3.0,131.0,-86.366943359375,solid,water_floor
section 3,north,3,-3.0,132.0,-91.80307006835938,solid,water_floor
section 3,north,3,-3.0,133.0,-90.84734344482422,solid,water_floor
section 3,north,3,-3.0,134.0,-95.55443572998047,solid,water_floor
section 3,north,3,-3.0,135.0,-99.57977294921875,solid,water_floor
section 3,north,3,-3.0,136.0,-88.08511352539062,solid,water_floor
section 3,north,3,-3.0,137.0,-94.16595458984375,solid,water_floor
section 3,north,3,-3.0,138.0,-93.04293823242188,solid,water_floor
section 3,north,3,-3.0,139.0,-87.19117736816406,solid,water_floor
section 3,north,3,-3.0,140.0,-99.53836059570312,solid,water_floor
section 3,north,3,-3.0,141.0,-97.64418029785156,solid,water_floor
section 3,north,3,-3.0,142.0,-95.759765625,solid,water_floor
section 3,north,3,-3.0,143.0,-88.0915756225586,solid,water_floor
section 3,north,3,-3.0,144.0,-98.35211181640625,solid,water_floor
section 3,north,3,-3.0,145.0,-98.12368774414062,solid,water_floor
section 3,north,3,-3.0,146.0,-101.8071060180664,solid,water_floor
section 3,north,3,-3.0,147.0,-101.38188171386719,solid,water_floor
section 3,north,3,-3.0,148.0,-93.72162628173828,solid,water_floor
section 3,north,3,-3.0,149.0,-94.11978149414062,solid,water_floor
section 3,north,3,-3.0,150.0,-93.70719909667969,solid,water_floor
section 3,north,3,-3.0,151.0,-91.23689270019531,solid,water_floor
section 3,north,3,-3.0,152.0,-91.18067169189453,solid,water_floor
section 3,north,3,-3.0,153.0,-91.38874053955078,solid,water_floor
section 3,north,3,-3.0,154.0,-92.24729919433594,solid,water_floor
section 3,north,3,-3.0,155.0,-91.31124877929688,solid,water_floor
section 3,north,3,-3.0,156.0,-101.47908782958984,solid,water_floor
section 3,north,3,-3.0,157.0,-80.17828369140625,solid,water_floor
section 3,north,3,-3.0,158.0,-75.23577117919922,solid,water_floor
section 3,north,3,-3.0,159.0,-61.927635192871094,solid,water_floor
section 3,north,3,-3.0,160.0,-68.64695739746094,solid,water_floor
section 3,north,3,-3.0,161.0,-79.06652069091797,solid,water_floor
section 3,north,3,-3.0,162.0,-70.7818603515625,solid,water_floor
section 3,north,3,-3.0,163.0,-86.53573608398438,solid,water_floor
section 3,north,3,-3.0,164.0,-71.93708038330078,solid,water_floor
section 3,north,3,-3.0,165.0,-57.72633743286133,solid,water_floor
section 3,north,3,-3.0,166.0,-67.9618148803711,solid,water_floor
section 3,north,3,-3.0,167.0,-88.05363464355469,solid,water_floor
section 3,north,3,-3.0,168.0,-78.57286834716797,solid,water_floor
section 3,north,3,-3.0,169.0,-80.72174072265625,solid,water_floor
section 3,north,3,-3.0,170.0,-83.00505828857422,solid,water_floor
section 3,north,3,-3.0,171.0,-77.51303100585938,solid,water_floor
section 3,north,3,-3.0,172.0,-84.69783782958984,solid,water_floor
section 3,north,3,-3.0,173.0,-81.41026306152344,solid,water_floor
section 3,north,3,-3.0,174.0,-79.00027465820312,solid,water_floor
section 3,north,3,-3.0,175.0,-81.4696273803711,solid,water_floor
section 3,north,3,-3.0,176.0,-90.32706451416016,solid,water_floor
section 3,north,3,-3.0,177.0,-88.4175033569336,solid,water_floor
section 3,north,3,-3.0,178.0,-87.81805419921875,solid,water_floor
section 3,north,3,-3.0,179.0,-90.02442169189453,solid,water_floor
section 3,north,3,-3.0,180.0,-89.4850082397461,solid,water_floor
section 3,north,3,-3.0,181.0,-89.93021392822266,solid,water_floor
section 3,north,3,-3.0,182.0,-90.47342681884766,solid,water_floor
section 3,north,3,-3.0,183.0,-86.48393249511719,solid,water_floor
section 3,north,3,-3.0,184.0,-85.78431701660156,solid,water_floor
section 3,north,3,-3.0,185.0,-81.97909545898438,solid,water_floor
section 3,north,3,-3.0,186.0,-87.68179321289062,solid,water_floor
section 3,north,3,-3.0,187.0,-81.86717224121094,solid,water_floor
section 3,north,3,-3.0,188.0,-88.60037994384766,solid,water_floor
section 3,north,3,-3.0,189.0,-81.64085388183594,solid,water_floor
section 3,north,3,-3.0,190.0,-61.80546569824219,solid,water_floor
section 3,north,3,-3.0,191.0,-57.32807922363281,solid,water_floor
section 3,north,3,-3.0,192.0,-41.38044357299805,solid,water_floor
section 3,north,3,-3.0,193.0,-63.518287658691406,solid,water_floor
section 3,north,3,-3.0,194.0,-70.42572784423828,solid,water_floor
section 3,north,3,-3.0,195.0,-69.64620971679688,solid,water_floor
section 3,north,3,-3.0,196.0,-55.06955337524414,solid,water_floor
section 3,north,3,-3.0,197.0,-50.09761047363281,solid,water_floor
section 3,north,3,-3.0,198.0,-53.04465866088867,solid,water_floor
section 3,north,3,-3.0,199.0,-71.334716796875,solid,water_floor
section 3,north,3,-3.0,200.0,-65.13166809082031,solid,water_floor
section 3,north,3,-3.0,201.0,-65.10942840576172,solid,water_floor
section 3,north,3,-3.0,202.0,-72.69449615478516,solid,water_floor
section 3,north,3,-3.0,203.0,-78.89190673828125,solid,water_floor
section 3,north,3,-3.0,204.0,-58.9901123046875,solid,water_floor
section 3,north,3,-3.0,205.0,-35.0439453125,solid,water_floor
section 3,north,3,-3.0,206.0,-37.11494445800781,solid,water_floor
section 3,north,3,-3.0,207.0,-17.261381149291992,solid,water_floor
section 3,north,3,-3.0,208.0,-6.270045280456543,solid,water_floor
section 3,north,3,-3.0,209.0,-14.594242095947266,solid,water_floor
section 3,north,3,-1.2477264404296875,210.0,-1.2477264404296875,solid,sampled
section 3,north,3,-3.0,211.0,-19.18767547607422,solid,water_floor
section 3,north,3,-3.0,212.0,-11.527997016906738,solid,water_floor
section 3,north,3,-3.0,213.0,-45.600154876708984,solid,water_floor
section 3,north,3,-3.0,214.0,-36.144290924072266,solid,water_floor
section 3,north,3,-3.0,215.0,-37.74566650390625,solid,water_floor
section 3,north,3,-3.0,216.0,-44.70317840576172,solid,water_floor
section 3,north,3,-3.0,217.0,-56.303062438964844,solid,water_floor
section 3,north,3,-3.0,218.0,-73.86563110351562,solid,water_floor
section 3,north,3,-3.0,219.0,-71.12177276611328,solid,water_floor
section 3,north,3,-3.0,220.0,-68.00242614746094,solid,water_floor
section 3,north,3,-3.0,221.0,-85.15525817871094,solid,water_floor
section 3,north,3,-3.0,222.0,-69.62171936035156,solid,water_floor
section 3,north,3,-3.0,223.0,-73.78132629394531,solid,water_floor
section 3,north,3,-3.0,224.0,-74.32803344726562,solid,water_floor
section 3,north,3,-3.0,225.0,-33.42399597167969,solid,water_floor
section 3,north,3,-3.0,226.0,-43.12211227416992,solid,water_floor
section 3,north,3,-3.0,227.0,-50.9019889831543,solid,water_floor
section 3,north,3,-3.0,228.0,-51.723976135253906,solid,water_floor
section 3,north,3,-3.0,229.0,-54.45254135131836,solid,water_floor
section 3,north,3,-3.0,230.0,-42.50537872314453,solid,water_floor
section 3,north,3,-3.0,231.0,-62.27492141723633,solid,water_floor
section 3,north,3,-3.0,232.0,-44.786617279052734,solid,water_floor
section 3,north,3,-3.0,233.0,-38.02591323852539,solid,water_floor
section 3,north,3,-3.0,234.0,-32.65681076049805,solid,water_floor
section 3,north,3,-3.0,235.0,-25.426986694335938,solid,water_floor
section 3,north,3,-3.0,236.0,-21.650951385498047,solid,water_floor
section 3,north,3,-3.0,237.0,-42.87281799316406,solid,water_floor
section 3,north,3,-3.0,238.0,-7.827278137207031,solid,water_floor
section 3,north,3,-3.0,239.0,-30.37554168701172,solid,water_floor
section 3,north,3,-3.0,240.0,-27.65995979309082,solid,water_floor
section 3,north,3,-3.0,241.0,-13.938347816467285,solid,water_floor
section 3,north,3,-3.0,242.0,-21.261127471923828,solid,water_floor
section 3,north,3,-3.0,243.0,-24.121109008789062,solid,water_floor
section 3,north,3,-3.0,244.0,-22.243568420410156,solid,water_floor
section 3,north,3,-1.0491752624511719,245.0,-1.0491752624511719,solid,sampled
section 3,north,3,-0.9042167663574219,246.0,-0.9042167663574219,solid,sampled
section 3,north,3,-0.956615686416626,247.0,-0.956615686416626,solid,sampled
section 3,north,3,-0.9248253107070923,248.0,-0.9248253107070923,solid,sampled
section 3,north,3,-0.8219615817070007,249.0,-0.8219615817070007,solid,sampled
section 3,north,3,-0.8052414059638977,250.0,-0.8052414059638977,solid,sampled
section 3,north,3,-0.9125083684921265,251.0,-0.9125083684921265,solid,sampled
section 3,north,3,-1.2721741199493408,252.0,-1.2721741199493408,solid,sampled
section 3,north,3,-1.285399079322815,253.0,-1.285399079322815,solid,sampled
section 3,north,3,-1.2485259771347046,254.0,-1.2485259771347046,solid,sampled
section 3,north,3,-1.14556884765625,255.0,-1.14556884765625,solid,sampled
section 3,north,3,-1.0541417598724365,256.0,-1.0541417598724365,solid,sampled
section 3,north,3,-1.119490385055542,257.0,-1.119490385055542,solid,sampled
section 3,north,3,-1.0165035724639893,258.0,-1.0165035724639893,solid,sampled
section 3,north,3,-0.9951366186141968,259.0,-0.9951366186141968,solid,sampled
section 3,north,3,-1.0403740406036377,260.0,-1.0403740406036377,solid,sampled
section 3,north,3,-1.021172285079956,261.0,-1.021172285079956,solid,sampled
section 3,north,3,-0.9485330581665039,262.0,-0.9485330581665039,solid,sampled
section 3,north,3,-0.8644251823425293,263.0,-0.8644251823425293,solid,sampled
section 3,north,3,-0.799117922782898,264.0,-0.799117922782898,solid,sampled
section 3,north,3,-0.7857925891876221,265.0,-0.7857925891876221,solid,sampled
section 3,north,3,-0.6640390157699585,266.0,-0.6640390157699585,solid,sampled
section 3,north,3,-0.6134713888168335,267.0,-0.6134713888168335,solid,sampled
section 3,north,3,-0.5161744952201843,268.0,-0.5161744952201843,solid,sampled
section 3,north,3,-0.41386985778808594,269.0,-0.41386985778808594,solid,sampled
section 3,north,3,-0.36550483107566833,270.0,-0.36550483107566833,solid,sampled
section 3,north,3,-0.26399466395378113,271.0,-0.26399466395378113,solid,sampled
section 3,north,3,-0.2126130759716034,272.0,-0.2126130759716034,solid,sampled
section 3,north,3,-0.1467801332473755,273.0,-0.1467801332473755,solid,sampled
section 3,north,3,-0.10538458824157715,274.0,-0.10538458824157715,solid,sampled
section 3,north,3,-0.056497976183891296,275.0,-0.056497976183891296,solid,sampled
section 3,north,3,-0.0017929673194885254,276.0,-0.0017929673194885254,solid,sampled
section 3,north,3,0.03447216749191284,277.0,0.03447216749191284,solid,sampled
section 3,north,3,0.0846414566040039,278.0,0.0846414566040039,solid,sampled
section 3,north,3,0.219529926776886,279.0,0.219529926776886,solid,sampled
section 3,north,3,0.25658050179481506,280.0,0.25658050179481506,solid,sampled
section 3,north,3,0.32339388132095337,281.0,0.32339388132095337,solid,sampled
section 3,north,3,0.43440234661102295,282.0,0.43440234661102295,solid,sampled
section 3,north,3,0.5160455107688904,283.0,0.5160455107688904,solid,sampled
section 3,north,3,0.628119945526123,284.0,0.628119945526123,solid,sampled
section 3,north,3,0.772179901599884,285.0,0.772179901599884,solid,sampled
section 3,north,3,0.8935217261314392,286.0,0.8935217261314392,solid,sampled
section 3,north,3,0.9672921299934387,287.0,0.9672921299934387,solid,sampled
section 3,north,3,1.094190001487732,288.0,1.094190001487732,solid,sampled
section 3,north,3,1.2276175022125244,289.0,1.2276175022125244,solid,sampled
section 3,north,3,1.376267910003662,290.0,1.376267910003662,solid,sampled
section 3,north,3,1.5370337963104248,291.0,1.5370337963104248,solid,sampled
section 3,north,3,1.801537275314331,292.0,1.801537275314331,solid,sampled
section 3,north,3,2.0832724571228027,293.0,2.0832724571228027,solid,sampled
section 3,north,3,2.5495996475219727,294.0,2.5495996475219727,solid,sampled
section 3,north,3,2.9624521732330322,295.0,2.9624521732330322,solid,sampled
section 3,north,3,3.3614728450775146,296.0,3.3614728450775146,solid,sampled
section 3,north,3,3.884246826171875,297.0,3.884246826171875,solid,sampled
section 3,north,3,4.014833450317383,298.0,4.014833450317383,solid,sampled
section 3,north,3,4.226557731628418,299.0,4.226557731628418,solid,sampled
section 3,north,3,4.67764139175415,300.0,4.67764139175415,solid,sampled
section 3,north,3,4.387907981872559,301.0,4.387907981872559,solid,sampled
section 3,north,3,4.331193447113037,302.0,4.331193447113037,solid,sampled
section 3,north,3,3.6905055046081543,303.0,3.6905055046081543,solid,sampled
section 3,north,3,3.136941909790039,304.0,3.136941909790039,solid,sampled
section 3,north,3,2.743593215942383,305.0,2.743593215942383,solid,sampled
section 3,north,3,2.3862390518188477,306.0,2.3862390518188477,solid,sampled
section 3,north,3,1.97711181640625,307.0,1.97711181640625,solid,sampled
section 3,north,3,1.747157096862793,308.0,1.747157096862793,solid,sampled
section 3,north,3,1.5498837232589722,309.0,1.5498837232589722,solid,sampled
section 3,north,3,1.3831409215927124,310.0,1.3831409215927124,solid,sampled
section 3,north,3,1.1851767301559448,311.0,1.1851767301559448,solid,sampled
section 3,north,3,0.9566685557365417,312.0,0.9566685557365417,solid,sampled
section 3,north,3,0.799318790435791,313.0,0.799318790435791,solid,sampled
section 3,north,3,0.6606928110122681,314.0,0.6606928110122681,solid,sampled
section 3,north,3,0.5517719984054565,315.0,0.5517719984054565,solid,sampled
section 3,north,3,0.450196236371994,316.0,0.450196236371994,solid,sampled
section 3,north,3,0.36657625436782837,317.0,0.36657625436782837,solid,sampled
section 3,north,3,0.20702534914016724,318.0,0.20702534914016724,solid,sampled
section 3,north,3,0.09809249639511108,319.0,0.09809249639511108,solid,sampled
section 3,north,3,-0.022065162658691406,320.0,-0.022065162658691406,solid,sampled
section 3,north,3,-0.10970473289489746,321.0,-0.10970473289489746,solid,sampled
section 3,north,3,-0.18189573287963867,322.0,-0.18189573287963867,solid,sampled
section 3,north,3,-0.282423734664917,323.0,-0.282423734664917,solid,sampled
section 3,north,3,-0.29157066345214844,324.0,-0.29157066345214844,solid,sampled
section 3,north,3,-0.3495940566062927,325.0,-0.3495940566062927,solid,sampled
section 3,north,3,-0.3423071503639221,326.0,-0.3423071503639221,solid,sampled
section 3,north,3,-0.48856449127197266,327.0,-0.48856449127197266,solid,sampled
section 3,north,3,-0.5286792516708374,328.0,-0.5286792516708374,solid,sampled
section 3,north,3,-0.5521953701972961,329.0,-0.5521953701972961,solid,sampled
section 3,north,3,-0.5469691157341003,330.0,-0.5469691157341003,solid,sampled
section 3,north,3,-0.5465365648269653,331.0,-0.5465365648269653,solid,sampled
section 3,north,3,-0.5589499473571777,332.0,-0.5589499473571777,solid,sampled
section 3,north,3,-0.5995374917984009,333.0,-0.5995374917984009,solid,sampled
section 3,north,3,-0.5608159303665161,334.0,-0.5608159303665161,solid,sampled
section 3,north,3,-0.560338020324707,335.0,-0.560338020324707,solid,sampled
section 3,north,3,-0.5520849227905273,336.0,-0.5520849227905273,solid,sampled
section 3,north,3,-0.5465329885482788,337.0,-0.5465329885482788,solid,sampled
section 3,north,3,-0.5079767107963562,338.0,-0.5079767107963562,solid,sampled
section 3,north,3,-0.472787082195282,339.0,-0.472787082195282,solid,sampled
section 3,north,3,-0.47586238384246826,340.0,-0.47586238384246826,solid,sampled
section 3,north,3,-0.6305396556854248,341.0,-0.6305396556854248,solid,sampled
section 3,north,3,-0.5999255180358887,342.0,-0.5999255180358887,solid,sampled
section 3,north,3,-0.526110827922821,343.0,-0.526110827922821,solid,sampled
section 3,north,3,-0.4909571707248688,344.0,-0.4909571707248688,solid,sampled
section 3,north,3,-0.4570123851299286,345.0,-0.4570123851299286,solid,sampled
section 3,north,3,-0.5277837514877319,346.0,-0.5277837514877319,solid,sampled
section 3,north,3,-0.5603359937667847,347.0,-0.5603359937667847,solid,sampled
section 3,north,3,-0.49512237310409546,348.0,-0.49512237310409546,solid,sampled
section 3,north,3,-0.46131807565689087,349.0,-0.46131807565689087,solid,sampled
section 3,north,3,-0.37495481967926025,350.0,-0.37495481967926025,solid,sampled
section 3,north,3,-0.47834932804107666,351.0,-0.47834932804107666,solid,sampled
section 3,north,3,-0.45684629678726196,352.0,-0.45684629678726196,solid,sampled
section 3,north,3,-0.47080153226852417,353.0,-0.47080153226852417,solid,sampled
section 3,north,3,-0.4307287335395813,354.0,-0.4307287335395813,solid,sampled
section 3,north,3,-0.36570829153060913,355.0,-0.36570829153060913,solid,sampled
section 3,north,3,-0.41004642844200134,356.0,-0.41004642844200134,solid,sampled
section 3,north,3,-0.4071439206600189,357.0,-0.4071439206600189,solid,sampled
section 3,north,3,-0.4306074380874634,358.0,-0.4306074380874634,solid,sampled
section 3,north,3,-0.3553164303302765,359.0,-0.3553164303302765,solid,sampled
section 3,north,3,-0.3366699814796448,360.0,-0.3366699814796448,solid,sampled
section 3,north,3,-0.3488304615020752,361.0,-0.3488304615020752,solid,sampled
section 3,north,3,-0.40616297721862793,362.0,-0.40616297721862793,solid,sampled
section 3,north,3,-0.40791308879852295,363.0,-0.40791308879852295,solid,sampled
section 3,north,3,-0.32642555236816406,364.0,-0.32642555236816406,solid,sampled
section 3,north,3,-0.366941899061203,365.0,-0.366941899061203,solid,sampled
section 3,north,3,-0.3442560136318207,366.0,-0.3442560136318207,solid,sampled
section 3,north,3,-0.37442880868911743,367.0,-0.37442880868911743,solid,sampled
section 3,north,3,-0.3467977046966553,368.0,-0.3467977046966553,solid,sampled
section 3,north,3,-0.3367099165916443,369.0,-0.3367099165916443,solid,sampled
section 3,north,3,-0.33791613578796387,370.0,-0.33791613578796387,solid,sampled
section 3,north,3,-0.3450808525085449,371.0,-0.3450808525085449,solid,sampled
section 3,north,3,-0.32519999146461487,372.0,-0.32519999146461487,solid,sampled
section 3,north,3,-0.3298146724700928,373.0,-0.3298146724700928,solid,sampled
section 3,north,3,-0.3281075656414032,374.0,-0.3281075656414032,solid,sampled
section 3,north,3,-0.29630380868911743,375.0,-0.29630380868911743,solid,sampled
section 3,north,3,-0.23826822638511658,376.0,-0.23826822638511658,solid,sampled
section 3,north,3,-0.2182978242635727,377.0,-0.2182978242635727,solid,sampled
section 3,north,3,-0.18543049693107605,378.0,-0.18543049693107605,solid,sampled
section 3,north,3,-0.1945875883102417,379.0,-0.1945875883102417,solid,sampled
section 3,north,3,-0.1712636947631836,380.0,-0.1712636947631836,solid,sampled
section 3,north,3,-0.15576958656311035,381.0,-0.15576958656311035,solid,sampled
section 3,north,3,-0.1388649344444275,382.0,-0.1388649344444275,solid,sampled
section 3,north,3,-0.08389246463775635,383.0,-0.08389246463775635,solid,sampled
section 3,north,3,-0.06322841346263885,384.0,-0.06322841346263885,solid,sampled
section 3,north,3,-0.06439352035522461,385.0,-0.06439352035522461,solid,sampled
section 3,north,3,-0.04960387945175171,386.0,-0.04960387945175171,solid,sampled
section 3,north,3,-0.0800507664680481,387.0,-0.0800507664680481,solid,sampled
section 3,north,3,-0.12713408470153809,388.0,-0.12713408470153809,solid,sampled
section 3,north,3,-0.26423561573028564,389.0,-0.26423561573028564,solid,sampled
section 3,north,3,-0.4231303930282593,390.0,-0.4231303930282593,solid,sampled
section 3,north,3,-0.6141998171806335,391.0,-0.6141998171806335,solid,sampled
section 3,north,3,-0.6605008840560913,392.0,-0.6605008840560913,solid,sampled
section 3,north,3,-0.6420766115188599,393.0,-0.6420766115188599,solid,sampled
section 3,north,3,-0.5526984930038452,394.0,-0.5526984930038452,solid,sampled
section 3,north,3,-0.5430052280426025,395.0,-0.5430052280426025,solid,sampled
section 3,north,3,-0.4987034201622009,396.0,-0.4987034201622009,solid,sampled
section 3,north,3,-0.5472567677497864,397.0,-0.5472567677497864,solid,sampled
section 3,north,3,-0.4573996961116791,398.0,-0.4573996961116791,solid,sampled
section 3,north,3,-0.48287713527679443,399.0,-0.48287713527679443,solid,sampled
section 3,north,3,-0.4078057110309601,400.0,-0.4078057110309601,solid,sampled
section 3,north,3,-0.175737202167511,401.0,-0.175737202167511,solid,sampled
section 3,north,3,-0.1393505334854126,402.0,-0.1393505334854126,solid,sampled
section 3,north,3,-0.11915558576583862,403.0,-0.11915558576583862,solid,sampled
section 3,north,3,-0.08603259921073914,404.0,-0.08603259921073914,solid,sampled
section 3,north,3,-0.06289221346378326,405.0,-0.06289221346378326,solid,sampled
section 3,north,3,0.014733195304870605,406.0,0.014733195304870605,solid,sampled
section 3,north,3,-0.03637583553791046,407.0,-0.03637583553791046,solid,sampled
section 3,north,3,0.001654982566833496,408.0,0.001654982566833496,solid,sampled
section 3,north,3,-0.03375827521085739,409.0,-0.03375827521085739,solid,sampled
section 3,north,3,-0.02139568328857422,410.0,-0.02139568328857422,solid,sampled
section 3,north,3,-0.12439244240522385,411.0,-0.12439244240522385,solid,sampled
section 3,north,3,-0.0676804780960083,412.0,-0.0676804780960083,solid,sampled
section 3,north,3,-0.20749366283416748,413.0,-0.20749366283416748,solid,sampled
section 3,north,3,-0.30318689346313477,414.0,-0.30318689346313477,solid,sampled
section 3,north,3,-0.34385836124420166,415.0,-0.34385836124420166,solid,sampled
section 3,north,3,-0.3355749249458313,416.0,-0.3355749249458313,solid,sampled
section 3,north,3,-0.41836604475975037,417.0,-0.41836604475975037,solid,sampled
section 3,north,3,-0.5118789672851562,418.0,-0.5118789672851562,solid,sampled
section 3,north,3,-0.44523242115974426,419.0,-0.44523242115974426,solid,sampled
section 3,north,3,-0.468364953994751,420.0,-0.468364953994751,solid,sampled
section 3,north,3,-0.6035537719726562,421.0,-0.6035537719726562,solid,sampled
section 3,north,3,-0.44604116678237915,422.0,-0.44604116678237915,solid,sampled
section 3,north,3,-0.4177614450454712,423.0,-0.4177614450454712,solid,sampled
section 3,north,3,-0.46905791759490967,424.0,-0.46905791759490967,solid,sampled
section 3,north,3,-0.5150737166404724,425.0,-0.5150737166404724,solid,sampled
section 3,north,3,-0.4785730838775635,426.0,-0.4785730838775635,solid,sampled
section 3,north,3,-0.4704660475254059,427.0,-0.4704660475254059,solid,sampled
section 3,north,3,-0.442952036857605,428.0,-0.442952036857605,solid,sampled
section 3,north,3,-0.4374779462814331,429.0,-0.4374779462814331,solid,sampled
section 3,north,3,-0.4112069606781006,430.0,-0.4112069606781006,solid,sampled
section 3,north,3,-0.36838042736053467,431.0,-0.36838042736053467,solid,sampled
section 3,north,3,-0.3220953941345215,432.0,-0.3220953941345215,solid,sampled
section 3,north,3,-0.27903681993484497,433.0,-0.27903681993484497,solid,sampled
section 3,north,3,-0.3230147361755371,434.0,-0.3230147361755371,solid,sampled
section 3,north,3,-0.32809978723526,435.0,-0.32809978723526,solid,sampled
section 3,north,3,-0.34691429138183594,436.0,-0.34691429138183594,solid,sampled
section 3,north,3,-0.4415675401687622,437.0,-0.4415675401687622,solid,sampled
section 3,north,3,-0.4779481887817383,438.0,-0.4779481887817383,solid,sampled
section 3,north,3,-0.45525941252708435,439.0,-0.45525941252708435,solid,sampled
section 3,north,3,-0.43289387226104736,440.0,-0.43289387226104736,solid,sampled
section 3,north,3,-0.36991894245147705,441.0,-0.36991894245147705,solid,sampled
section 3,north,3,-0.26493120193481445,442.0,-0.26493120193481445,solid,sampled
section 3,north,3,-0.10612678527832031,443.0,-0.10612678527832031,solid,sampled
section 3,north,3,-0.05687308311462402,444.0,-0.05687308311462402,solid,sampled
section 3,north,3,0.002653837203979492,445.0,0.002653837203979492,solid,sampled
section 3,north,3,0.11330282688140869,446.0,0.11330282688140869,solid,sampled
section 3,north,3,0.3003481328487396,447.0,0.3003481328487396,solid,sampled
section 3,north,3,0.5363753437995911,448.0,0.5363753437995911,solid,sampled
section 3,north,3,0.62983238697052,449.0,0.62983238697052,solid,sampled
section 3,north,3,0.8027651309967041,450.0,0.8027651309967041,solid,sampled
section 3,north,3,0.8708721399307251,451.0,0.8708721399307251,solid,sampled
section 3,north,3,0.9371654987335205,452.0,0.9371654987335205,solid,sampled
section 3,north,3,1.005338430404663,453.0,1.005338430404663,solid,sampled
section 3,north,3,1.0805225372314453,454.0,1.0805225372314453,solid,sampled
section 3,north,3,1.1499273777008057,455.0,1.1499273777008057,solid,sampled
section 3,north,3,1.2092502117156982,456.0,1.2092502117156982,solid,sampled
section 3,north,3,1.2626959085464478,457.0,1.2626959085464478,solid,sampled
section 3,north,3,1.317359447479248,458.0,1.317359447479248,solid,sampled
section 3,north,3,1.3637361526489258,459.0,1.3637361526489258,solid,sampled
section 3,north,3,1.3997853994369507,460.0,1.3997853994369507,solid,sampled
section 3,north,3,1.4467010498046875,461.0,1.4467010498046875,solid,sampled
section 3,north,3,1.5178791284561157,462.0,1.5178791284561157,solid,sampled
section 3,north,3,1.5641376972198486,463.0,1.5641376972198486,solid,sampled
section 3,north,3,1.6091959476470947,464.0,1.6091959476470947,solid,sampled
section 3,north,3,1.6665421724319458,465.0,1.6665421724319458,solid,sampled
section 3,north,3,3.237715244293213,466.0,3.237715244293213,solid,sampled
section 3,north,3,2.70377516746521,467.0,2.70377516746521,solid,sampled
section 3,north,3,2.7295374870300293,468.0,2.7295374870300293,solid,sampled
section 3,north,3,4.354079723358154,469.0,4.354079723358154,solid,sampled
section 3,north,3,2.0861902236938477,470.0,2.0861902236938477,solid,sampled
section 3,north,3,2.159397602081299,471.0,2.159397602081299,solid,sampled
section 3,north,3,2.2634785175323486,472.0,2.2634785175323486,solid,sampled
section 3,north,3,2.3633484840393066,473.0,2.3633484840393066,solid,sampled
section 3,north,3,2.4465439319610596,474.0,2.4465439319610596,solid,sampled
section 3,north,3,2.5623130798339844,475.0,2.5623130798339844,solid,sampled
section 3,north,3,2.6559464931488037,476.0,2.6559464931488037,solid,sampled
section 3,north,3,2.770986795425415,477.0,2.770986795425415,solid,sampled
section 3,north,3,0.0,478.0,,dotted,null_fill
section 3,north,3,0.0,479.0,,dotted,null_fill
section 3,north,3,0.0,480.0,,dotted,null_fill
section 3,north,3,0.0,481.0,,dotted,null_fill
section 3,north,3,0.0,482.0,,dotted,null_fill
section 3,north,3,0.0,483.0,,dotted,null_fill
section 3,north,3,0.0,484.0,,dotted,null_fill
section 3,north,3,0.0,485.0,,dotted,null_fill
section 3,north,3,0.0,486.0,,dotted,null_fill
section 3,north,3,0.0,487.0,,dotted,null_fill
section 3,north,3,0.0,488.0,,dotted,null_fill
section 3,north,3,0.0,489.0,,dotted,null_fill
section 3,north,3,0.0,490.0,,dotted,null_fill
section 3,north,3,0.0,491.0,,dotted,null_fill
section 3,north,3,0.0,492.0,,dotted,null_fill
section 3,north,3,0.0,493.0,,dotted,null_fill
section 3,north,3,0.0,494.0,,dotted,null_fill
section 3,north,3,0.0,495.0,,dotted,null_fill
section 3,north,3,0.0,496.0,,dotted,null_fill
section 3,north,3,0.0,497.0,,dotted,null_fill
section 3,north,3,0.0,498.0,,dotted,null_fill
section 3,north,3,0.0,499.0,,dotted,null_fill
section 3,north,3,0.0,500.0,,dotted,null_fill
section 3,north,3,0.0,501.0,,dotted,null_fill
section 3,north,3,0.0,502.0,,dotted,null_fill
section 3,north,3,0.0,503.0,,dotted,null_fill
section 3,north,3,0.0,504.0,,dotted,null_fill
section 3,north,3,0.0,505.0,,dotted,null_fill
section 3,north,3,0.0,506.0,,dotted,null_fill
section 3,north,3,0.0,507.0,,dotted,null_fill
section 3,north,3,0.0,508.0,,dotted,null_fill
